text,prediction
Åaka yapmÄ±yordum bebeÄŸimmğŸ˜‰  https://t.co/bfJYbQPdTP,[[0.40711539 0.59288461]]
RT @kadirwes: seninle ÅŸÃ¶yle.. benim de var bi hayalim  https://t.co/abgxRyXyC8,[[0.41515248 0.58484752]]
bu hayata bir gÃ¼nde kÃ¼smedim  https://t.co/ygPYj76epH,[[0.40711539 0.59288461]]
RT @metinerol9851: HiÃ§bir suÃ§u olmadÄ±ÄŸÄ± halde gÃ¼nlerdir iÅŸkence gÃ¶ren kardeÅŸlerimizin Bir an Ã¶nce serbest bÄ±rakÄ±lmasÄ±nÄ± istiyoruz...  Kardeâ€¦,[[0.46964119 0.53035881]]
RT @artsunsett:  https://t.co/EPHewHobCx,[[0.40711539 0.59288461]]
Adana'da sÄ±cakta yanmaya devam mÄ± ya burasÄ± Ã§ok sogukta,[[0.46964119 0.53035881]]
Ue sisteminin Allah belasÄ±nÄ± versin.,[[0.46964119 0.53035881]]
@Songul4535 TecrÃ¼be konuÅŸuyor inanğŸ˜Š,[[0.46964119 0.53035881]]
RT @izzetdas: Yeri geldiÄŸinde bedel Ã¶deyen vefalÄ± lider YOLUN YOLUMUZDUR  KardeÅŸlerimiz SerbestKalsÄ±n #AdanaEmniyeti @AdanaEmniyeti  https:/â€¦,[[0.46964119 0.53035881]]
@ProfDemirtas Ã–nemli deÄŸil onlarda gelsin TÃ¼rkiyeâ€™ye hiÃ§ LÃ¼bnanlÄ± gÃ¶rmemiÅŸtim Allah razÄ± olsun devletimizden yerimizden kalkmadan devri alem yapmak bu olsa gerek.,[[0.46964119 0.53035881]]
RT @furkanvakfiTT: KIYMETLÄ° KARDEÅLERÄ°MÄ°Z GÃœNDEM Ã‡ALIÅMAMIZ BAÅLADI â€¼ï¸  ğŸ“Œ Etiketimiz;  MedyaEliyle TuzakKuruluyor,[[0.46964119 0.53035881]]
RT @2UrfaFurkan: Furkan GÃ¶nÃ¼llÃ¼lerine Kumpas Devam Ediyor! Bir GÃ¶nÃ¼llÃ¼ Daha HaksÄ±zca TutuklandÄ±! YargÄ±sÄ±zÄ°nfaza Son  https://t.co/GgjTlDwJl0,[[0.37038487 0.62961513]]
RT @2UrfaFurkan: YargÄ±sÄ±zÄ°nfaza Son,[[0.38987615 0.61012385]]
Åuanki ruh halimiz,[[0.46964119 0.53035881]]
RT @royzvow: Pijanic en az 1 ay yok oyundan Ã§Ä±kÄ±ÅŸÄ±ndan anladÄ±m nerden biliyosun diye sormayÄ±n biz GalatasaraylÄ±yÄ±zâ€¦,[[0.46964119 0.53035881]]
Bu iÅŸin raconu bu; herkes hakkÄ±nda her ÅŸeyi biliriz ama hiÃ§bir ÅŸey bilmiyormuÅŸ gibi davranÄ±rÄ±z.,[[0.46964119 0.53035881]]
RT @Huzursesimiz123: AdanaEmniyetinde Ä°ÅŸkence ifadeye Ã§agrÄ±yorsunuz iÅŸkence iÃ§in mi â— Kolluk kuvveti gÃ¼venimi sarstÄ±  bu olayÄ±n sorumlularÄ±â€¦,[[0.46964119 0.53035881]]
Her zaman yapÄ±cÄ± olmak kÄ±rabiliyor kalbimizi dimi diyecemde empati kuramaya bilirim,[[0.46964119 0.53035881]]
RT @callmetubik: @angelifca â˜ï¸ğŸ§œğŸ»â€â™€ï¸  https://t.co/TgdH3Hoe30,[[0.40711539 0.59288461]]
@iremsehren ğŸ‘€,[[0.46964119 0.53035881]]
Sigara iÃ§en kÄ±z soÄŸuma sebebi,[[0.46964119 0.53035881]]
@ayhan57207470 RojbaÅŸ patronğŸ™‹â€â™‚ï¸,[[0.46964119 0.53035881]]
@sumeyyademirel7 Ä°nsan arkadaÅŸlarÄ±nÄ± seÃ§emiyor iÅŸte,[[0.46964119 0.53035881]]
@BanuOzdemirChp KadÄ±nÄ±n suratÄ±ndaki ÅŸerri gÃ¶rebilirsin.,[[0.46964119 0.53035881]]
https://t.co/HYeB6DAHmc,[[0.40711539 0.59288461]]
RT @takkkkkkkkko: tc kabile savaÅŸlarÄ±,[[0.46964119 0.53035881]]
@Ulubatl99683747 Amin,[[0.46964119 0.53035881]]
RT @tevhid_eri47: Furkan GÃ¶nÃ¼llÃ¼lerine Kumpas Devam Ediyor! Bir GÃ¶nÃ¼llÃ¼ Daha HaksÄ±zca TutuklandÄ±! YargÄ±sÄ±zÄ°nfaza Son  https://t.co/dCk0LfPe3o,[[0.37038487 0.62961513]]
RT @MumineFv: @ihacomtr ANBEAN Camiye namaz kilmak icin gelip gidenlerin fizik yapÄ±sÄ±nÄ±nâ€¼ï¸ KaÃ§Ä±ran kiÅŸilerin fizik yapÄ±sÄ±ndan farklÄ± olduÄŸuâ€¦,[[0.46964119 0.53035881]]
@SemirYapici konu nasÄ±l saptÄ±rÄ±lÄ±r ve haklÄ± durumlarda bile nasÄ±l haksÄ±z duruma dÃ¼ÅŸÃ¼lÃ¼r Ã¶rnekleri tamamen,[[0.46964119 0.53035881]]
En iyi yaptÄ±ÄŸÄ±mÄ±z ÅŸey deÄŸil mi? gÃ¼lmekk,[[0.46964119 0.53035881]]
@dln_2134 Ã–lÃ¼m her ÅŸeyi yok edecek. RuhlarÄ± sevmeyi deneyin. :),[[0.46964119 0.53035881]]
RT @furkanylmazz27: Åu an Ceyhan Polis NoktasÄ±nda YaklaÅŸÄ±k 1-2 saattir boÅŸ yere bekletiliyoruz. Hep 5 dk 5 dk diyorlar! Bizden sonra gelenâ€¦,[[0.46964119 0.53035881]]
Anlamak Ã§Ã¶zmeye yetmez,[[0.46964119 0.53035881]]
@ilaydasekeerr 2 kilo dometes al yemek yapsana deli yapamazsan ara ğŸ˜‰ğŸ˜„,[[0.43435452 0.56564548]]
@HocaNabi47 Spas.. mamoste..,[[0.46964119 0.53035881]]
@Ozgekocahan Bu twiti anÄ±msÄ±yorum sanki babyy,[[0.46964119 0.53035881]]
@1dilhunnn ben senin adÄ±na daha Ã§ok Ã¼zÃ¼ldÃ¼m cnm boÅŸver Ã§ay iÃ§ip hafÄ±zlÄ±ÄŸa devam kafanÄ±n her ÅŸeye basmamasÄ± normal ğŸ¤,[[0.25256429 0.74743571]]
@LazBurakk 43,[[0.46964119 0.53035881]]
@orhancangorgun gÃ¼lsem Ã¼zÃ¼lÃ¼r mÃ¼sÃ¼n,[[0.46964119 0.53035881]]
@Ozgekocahan GÃ¶sterdiÄŸin yolda durmadan yÃ¼rÃ¼yeceÄŸime ant iÃ§erim hahahahahh,[[0.46964119 0.53035881]]
@TheRolexs Doruuuuu ğŸ˜ƒ,[[0.46964119 0.53035881]]
Saplaaaaaaaaaaaâ¤ï¸â€ğŸ”¥,[[0.46964119 0.53035881]]
@atadogann 6-babel 7-babel 8-crouch Dkdkkxmxmxmxmxmxmxmmxkxkxmxmxmxmxkmxkxkxk,[[0.46964119 0.53035881]]
hatta kendiliÄŸinden fotoÄŸraf Ã§ekmeyi ve bu tarz fotoÄŸraflarÄ±mÄ±zÄ± editlemeyi seven bi sevgilim olursa nikahÄ± ben basabilirim,[[0.30766967 0.69233033]]
sonunda ğŸ¥° eylÃ¼l geldi ğŸ¥° sonbahar ğŸ¥° yerdeki yapraklarÄ±n ğŸ¥° Ã¼zerinden geÃ§erken Ã§Ä±kan ses ğŸ¥° yaÄŸmur ğŸ¥° rÃ¼zgar ğŸ¥° aÅŸk ğŸ¥° hoodie ğŸ¥° artÄ±k her sey Ã§ok gÃ¼zel olucak ğŸ¥°ğŸ˜ğŸ¤©ğŸ¤—ğŸ’–ğŸ’—ğŸ’“ğŸ’ğŸ’•ğŸ’«ğŸŒ¾ğŸ‚ğŸğŸƒâœ¨,[[0.46964119 0.53035881]]
ortak playlist piÅŸmanlÄ±ktÄ±r,[[0.46964119 0.53035881]]
Bu bataklÄ±ÄŸa ben de dÃ¼ÅŸtÃ¼m galiba. ğŸ‘ŠğŸ˜‚  https://t.co/TTcm1UPqYo,[[0.31389699 0.68610301]]
@Ozgekocahan Olur keserim ya biz ne konuÅŸuyoruz yorgunluÄŸu dhhddh,[[0.46964119 0.53035881]]
RT @aloimdat: tÄ±rnaklarÄ±mÄ± kesince kendimi kolsuz gibi hissediyorum tÄ±rnaÄŸÄ±n ekrana Ã§arpÄ±nca Ã§Ä±kardÄ±ÄŸÄ± tÄ±kÄ±rtÄ± olmayÄ±nca bir hiÃ§miÅŸim ben..â€¦,[[0.28852765 0.71147235]]
@bayaminik AGAJSLWÅWKSJDJ napalÄ±m tutamadÄ±k kendimizi âœğŸ»,[[0.46964119 0.53035881]]
@MehmetErtnYigit @arzuylmaz83 PekcanÄ±da boÅŸuna yediler sanki,[[0.46964119 0.53035881]]
RT @yalcinerhuseyin: @furkanvakfi Ã‡ok geÃ§miÅŸ olsun. En kÄ±sa zamanda Koray abiye ulaÅŸÄ±lÄ±r inÅŸ. UlaÅŸÄ±ldÄ±ÄŸÄ±nda da bÃ¼tÃ¼n dÃ¼ÄŸÃ¼mler Ã§Ã¶zÃ¼lecektir.â€¦,[[0.46964119 0.53035881]]
RT @ysufakdgn: â€œAllahâ€™Ä±n DÃ¼nyasÄ±nda Allahâ€™Ä±n DediÄŸi OlmalÄ±â€ demekten baÅŸka bir suÃ§u(!) olmayan   KardeÅŸlerimiz SerbestKalsÄ±n,[[0.46964119 0.53035881]]
@Nis_a_ @TarkZiy38811355 boÅŸ okuduÄŸun iÃ§indir kank,[[0.46964119 0.53035881]]
@muratsarisac  https://t.co/Ik7g5AZsGd,[[0.40711539 0.59288461]]
@10_huelya Bu kadar malÄ±n olduÄŸu Ã¼lke ucuzdur.,[[0.46964119 0.53035881]]
@4rtizs Bu saatte evett slkckfmgm,[[0.46964119 0.53035881]]
GerÃ§ek hislerle dolu bir mesaja ihtiyacÄ±m var,[[0.46964119 0.53035881]]
RT @MustafaSahinFV: Hala kayÄ±p olduÄŸu iddia edilen Koray SarÄ±saÃ§lÄ±'dan aÃ§Ä±klama:  â€œFurkan GÃ¶nÃ¼llÃ¼leri ile hiÃ§bir husumetim yok,[[0.46964119 0.53035881]]
@ali_kumuru DoÄŸru ğŸ˜‘,[[0.46964119 0.53035881]]
@AybegDuyul DoÄŸru,[[0.46964119 0.53035881]]
kiÅŸiliÄŸini Ã§aldÄ±klarÄ±m  https://t.co/6sZ7EQ23d2,[[0.40711539 0.59288461]]
@Silayksel4 BaÅŸka Ã§arem yok zatenn ğŸ˜‘,[[0.46964119 0.53035881]]
DÃ¼nyada huzur arayanÄ±n huzuru kaÃ§ar.,[[0.46964119 0.53035881]]
@tabiatana4 Ã–yle tabi ama beÅŸ parmaÄŸÄ±n beÅŸi de bir deÄŸil,[[0.45258446 0.54741554]]
@_gkhny1 Sade,[[0.46964119 0.53035881]]
RT @Fvgonulluleri: ğŸ”´GÃœNDEM Ã‡ALIÅMAMIZ BAÅLADI!  Etiketimiz:   KaranlÄ±kGÃ¼Ã§ler Ä°ÅŸBaÅŸÄ±nda,[[0.46964119 0.53035881]]
"RT @serhatbedlek: Furkan GÃ¶nÃ¼llÃ¼sÃ¼ Ä°zzet DaÅŸ'Ä±n kaleme aldÄ±ÄŸÄ± \"Furkan KardeÅŸliÄŸi\" ÅŸiirini cezaevinde tutuklu bulunan kardeÅŸlerimize",[[0.46964119 0.53035881]]
RT @tevhidnesli_3: ADANA ADLÄ°YESÄ° Ã–NÃœNDE BEKLEYÄ°Å | CANLI YAYIN   KardeÅŸlerimiz SerbestKalsÄ±n,[[0.46964119 0.53035881]]
RT @hacerbolaat: GÃœNDEM Ã‡ALIÅMAMIZ BAÅLADI â—ï¸â—ï¸â—ï¸  Etiketimiz:  MedyaEliyle TuzakKuruluyor,[[0.46964119 0.53035881]]
@YELVE5 ğŸ™,[[0.46964119 0.53035881]]
@silanee47 HÃ¼rriyet kelimesi tÃ¼rkiye de geÃ§miyor mu zaten..,[[0.45258446 0.54741554]]
Lanet olsun bugÃ¼nde Ã§ok kÃ¶tÃ¼yÃ¼z,[[0.46964119 0.53035881]]
@maxoline6 kÄ±zÄ±m sÃ¼pheye dÃ¼ÅŸÃ¼yosan sen kurmuÅŸsun kafanda bahane arÄ±yosun sen kuruntulusun saÃ§malama..,[[0.46964119 0.53035881]]
Olum yemek paylaÅŸmayÄ±n ya canÄ±m Ã§ekiyor.,[[0.46964119 0.53035881]]
@Ozgekocahan @Eyll17474476 KarÄ±ÅŸma len kÄ±zaağŸ˜‹,[[0.46964119 0.53035881]]
@goradzece KeÅŸke benim de olsa jajsuzbdjn 0+0,[[0.45258446 0.54741554]]
BitiÄŸim diyorum lan hala mÄ± Ã¼zgÃ¼n emoji,[[0.46964119 0.53035881]]
@kimbukirkorr Yaprak,[[0.46964119 0.53035881]]
@NoRespecte Baklendalgana,[[0.46964119 0.53035881]]
@Ozgekocahan @NoRespecte ğŸ¥³,[[0.46964119 0.53035881]]
RT @leventcanliyy: Tek istediÄŸim bÃ¼tÃ¼n gÃ¼n uyumak asssla uyanmamak,[[0.46964119 0.53035881]]
Salak ben kÄ±z arkadaÅŸlarÄ±mÄ±n buluÅŸunca aÃ§Ä±k giyinmesine bile karÅŸÄ±yÄ±m ğŸ’¯,[[0.28852765 0.71147235]]
Bu ÅŸarkÄ±yÄ± hastayken bile gece 11e kadar fal seansÄ± aldÄ±ÄŸÄ±m iÃ§in kendime ithaf ediyorum   https://t.co/j5T6jKKHmd,[[0.40711539 0.59288461]]
DarÄ±sÄ± iktidarÄ± savunanlara olsun.,[[0.46964119 0.53035881]]
@atebenn Bende 5â€™5 TL hazÄ±rlamÄ±ÅŸtÄ±m,[[0.46964119 0.53035881]]
bÃ¶yle dinmeyen tutku ve heyecan dolu aÅŸkÄ± nereden buluyorsunuz bir arkadasÄ±m soruyo da,[[0.46964119 0.53035881]]
VerilmiÅŸ sadakam varmÄ±ÅŸ mermi kulaÄŸÄ±mÄ± sÄ±yÄ±rdÄ± hshsdhshshh,[[0.46964119 0.53035881]]
Yazmam kimseye Ã¶nemli olmadÄ±ÄŸÄ± sÃ¼rece bu arada aramamda ğŸ˜…,[[0.46964119 0.53035881]]
Pembe rÃ¼yalar,[[0.46964119 0.53035881]]
@gevezesena Ä°nanmaktam vazgeÃ§medik sÄ±kÄ±ntÄ± yok ğŸ˜‰,[[0.46964119 0.53035881]]
RT @aykiricomtr: BalÄ±kesir'de hiÃ§bir geliri olmadÄ±ÄŸÄ± iÃ§in dÃ¼kkanÄ±nÄ± aÃ§an ve 3 kez ceza yazÄ±lan kaportacÄ± isyan etti: â€œErdoÄŸanâ€™dan baÅŸkasÄ±naâ€¦,[[0.45258446 0.54741554]]
sizce ben Ã§akalÄ±n yeni ÅŸarkÄ±sÄ± bok gibi olmuÅŸ dedikten sonra 100 defa dinlemiÅŸ miyimdir,[[0.33718079 0.66281921]]
RT @Ozgekocahan: Benim artÄ±k herkesten ve herseyden mÄ±dem bulanÄ±yo,[[0.46964119 0.53035881]]
@kardelen_silaaa Ã–yle gÃ¼ldÃ¼m iÅŸte ya benzer twitlerler gÃ¶rÃ¼yorum ğŸ˜‚,[[0.46964119 0.53035881]]
daha kÃ¶tÃ¼ bi kÃ¼tÃ¼phane gÃ¶rmedim,[[0.46964119 0.53035881]]
@Farukb44 @FeritBatu KatÄ±lÄ±yorum sÃ¶mÃ¼recek insan atirÄ±yor vampirler,[[0.46964119 0.53035881]]
keske sen olsam da bu olanlarÄ± saka sanÄ±p gÃ¶tÃ¼mle gÃ¼lebilsem,[[0.46964119 0.53035881]]
DÃ¼nyayÄ± deÄŸiÅŸtiremiyorsan,[[0.46964119 0.53035881]]
RT @beyzanurdogan_: Åuan abluka altÄ±na alÄ±ndÄ±k ve burda da yaptÄ±ÄŸÄ± zulÃ¼mler bitmiyor. Allah'a da hesap vereceksiniz elbet...  KardeÅŸlerimizâ€¦,[[0.46964119 0.53035881]]
Piyasadan herkes Ã§ekilirse bizim yÃ¼zÃ¼mÃ¼ze kim sahte gÃ¼lecekk,[[0.46964119 0.53035881]]
GÃ¼naydÄ±n olsun.,[[0.46964119 0.53035881]]
@Sade_Kahve1987 Yay,[[0.46964119 0.53035881]]
@t24comtr KanÄ±tlasÄ±nlar.,[[0.46964119 0.53035881]]
Pelkasss senin o ayaÄŸÄ±nÄ± elini yÃ¼zÃ¼nÃ¼ skm yaaaaaaaaaaaaaaaaaaaaaaaaaaaa,[[0.46964119 0.53035881]]
@S_Serenay_ Ä°yi soru gÃ¼zel cevap,[[0.46964119 0.53035881]]
@TheRolexs DimiiiiğŸ’¯,[[0.46964119 0.53035881]]
daÄŸda mÄ± yetiÅŸtiniz dediÄŸin insanlar italyan lisesi mezunlarÄ± stajlarÄ±nÄ± cooper law firmasÄ±nda yapmÄ±ÅŸlar cambridge mezunu 3 dil biliyorlar ve ayrÄ±ca iyi birileri araÅŸtÄ±rmanÄ± Ã¶neririm âœğŸ»,[[0.43124966 0.56875034]]
@yasirbrk Ã–nce DoÄŸu TÃ¼rkistanâ€™a uÄŸrayalÄ±m kardeÅŸim orda insanlÄ±k Ã¶lÃ¼yor sonra istikameti Ã§evirelim buraya daha net olur.,[[0.46964119 0.53035881]]
@silanee47 Mesela ben adana seyhan hÃ¼rriyet mahallesinde oturuyorum:),[[0.28852765 0.71147235]]
RT @M_Boynukalin: Ã–zellikle Ä°slami Ä°limler/ Ä°lahiyat alanÄ±nda  #EÄŸitimKarmaOlmasÄ±n DiÄŸer alanlarda da karma eÄŸitim almak istemeyen iÃ§in altâ€¦,[[0.46964119 0.53035881]]
@Ozgekocahan KÄ±zÄ±m git namazÄ±nÄ± kÄ±l ne bÃ¼yÃ¼sÃ¼ sihirli annem mi burasÄ±,[[0.46964119 0.53035881]]
Yine durgun buralar,[[0.46964119 0.53035881]]
@Sade_Kahve1987 AÅŸk,[[0.46964119 0.53035881]]
Zordu ama gÃ¼zeldi,[[0.46964119 0.53035881]]
ğŸ¤  https://t.co/x8V88Z6r9G,[[0.40711539 0.59288461]]
Ã‡ok yapÄ±cÄ± konuÅŸuyorsun ama yÄ±kÄ±cÄ±sÄ±n,[[0.46964119 0.53035881]]
@S_ezer01 Aynen ğŸ‘,[[0.46964119 0.53035881]]
Hem telaÅŸlÄ± hem de boÅŸ bir hayat yaÅŸÄ±yoruz.,[[0.45258446 0.54741554]]
RT @chillingarts:  https://t.co/1cmnI4hgCs,[[0.40711539 0.59288461]]
RT @CSabiqun: Furkan VakfÄ±na iftira attÄ±nÄ±z. Rezil oldunuz!  Ä°ftiracÄ±Ä°HA RezilOldu,[[0.46964119 0.53035881]]
@orhancangorgun her geÃ§en gÃ¼n daha fazla asÄ±k olmaca ğŸ’œ,[[0.46964119 0.53035881]]
mÃ¼kemmel bir insanÄ±m eÄŸer buna raÄŸmen bir ÅŸeyler olmadÄ±ysa bu benden kaynaklÄ± deÄŸildir ve beni kaybeden kendi derdine yanabilir ğŸ¤,[[0.46964119 0.53035881]]
Olumlu baktÄ±ÄŸÄ±m herÅŸeyi olumsuzlaÅŸtÄ±rÄ±yorum,[[0.46964119 0.53035881]]
RT @yusuferoll_: Tuzak KuranlarÄ±n En HayÄ±rlÄ±sÄ±!  YargÄ±sÄ±zÄ°nfaza Son  https://t.co/ZJWYXeiIoC,[[0.37038487 0.62961513]]
Hani bu Tweet tutardÄ±  ğŸ™„,[[0.46964119 0.53035881]]
@doguleee Seviyorsunuz bu hayatÄ± bakÄ±n dalganÄ±za hahahaha,[[0.46964119 0.53035881]]
RT @AhinSubat: KardeÅŸlerimiz SerbestKalsÄ±n  https://t.co/liJVG2JtzF,[[0.40711539 0.59288461]]
@vesairemm @7Umuteroglu VefalÄ± kÄ±z ;),[[0.46964119 0.53035881]]
RT @alparslankuytul: YaklaÅŸÄ±k 12 gÃ¼ndÃ¼r kayÄ±p olan arkadaÅŸÄ±mÄ±z Koray SarÄ±saÃ§lÄ±â€™nÄ±n serbest bÄ±rakÄ±ldÄ±ÄŸÄ±nÄ± ve evine dÃ¶ndÃ¼ÄŸÃ¼nÃ¼ Ã¶ÄŸrendim. Bu sÄ±â€¦,[[0.46964119 0.53035881]]
@Songul4535 Para olmasa da kaÃ§Ä±yoruz onda sÄ±kÄ±ntÄ± yokğŸ˜Š,[[0.46964119 0.53035881]]
RT @SAVUNANADAM2701: Adana emniyeti NEDEN FURKAN GÃ–NÃœLLÃœLERÄ°NE GÃ–ZALTINDA DARP VE Ä°ÅKENCE YAPIYOR?  BUNU Ä°YÄ°CE AHLÃ‚K HÃ‚LÄ°NE GETÄ°RDÄ°NÄ°Z BÄ°LEâ€¦,[[0.76269171 0.23730829]]
ArtÄ±k hiÃ§bir ÅŸey hissetmiyorum. NÃ¶trÃ¼m bundan sonra.,[[0.46964119 0.53035881]]
Nadiren yÄ±lda bir iki kere telefonla konuÅŸtuÄŸunuz kiÅŸiler arkadaÅŸÄ±mÄ±z deÄŸildir,[[0.46964119 0.53035881]]
RT @wannawave:  https://t.co/tISQwM6ERf,[[0.40711539 0.59288461]]
kÃ¶tÃ¼yle baÅŸ edebilirim ama ÅŸÃ¼pheyle baÅŸ edemem,[[0.46964119 0.53035881]]
@Hodbehot bence biz yurtdÄ±ÅŸÄ±na gÃ¶tÃ¼rmeleri gereken esas kiÅŸileriz ya,[[0.46964119 0.53035881]]
@ilaydasekeerr Betebet daha iyiiiğŸ˜‚,[[0.46964119 0.53035881]]
RT @ulugulay28: KarÄ±lar gezince Ã§ekici moda oluyoda   Herifler gezince niye sapÄ±k oluyo  https://t.co/9eMuSXU8po,[[0.40711539 0.59288461]]
RT @Enise_Nur_: Ä°HA ve tetikÃ§i medyanÄ±n kumpas giriÅŸimine halktan tepki!  YargÄ±sÄ±zÄ°nfaza Son  https://t.co/p0G3UCxxdZ,[[0.37038487 0.62961513]]
GÃ¼naydÄ±nâ˜€ï¸,[[0.46964119 0.53035881]]
RT @ah_ekinci: KardeÅŸlerimiz SerbestKalsÄ±n 4 gÃ¼n haksÄ±z gÃ¶zaltÄ± yap. Adliye Ã¶nÃ¼ne gelenleri darbet. Adana Emniyeti kanunlara ne zaman uyacaâ€¦,[[0.46964119 0.53035881]]
SÄ±kÄ±ldÄ±mmmmmmmmmmmmmmmmmmmmmmmmmmmmmmmmmmm,[[0.46964119 0.53035881]]
UyuyalÄ±m bari,[[0.46964119 0.53035881]]
@GumusOtu Kediler Ã§ok yaÅŸasÄ±n,[[0.46964119 0.53035881]]
"RT @semrakuytul: #FurkanaKumpasÃ‡Ã¶ktÃ¼ dedikÃ§e \"Ã§Ã¶kmedi\" diye kuyruÄŸu dik tutmaya Ã§alÄ±ÅŸÄ±yorlar.. Ä°HA",[[0.46964119 0.53035881]]
RT @tuncelpolat: GÃ–ZALTINDAKÄ° FURKAN GÃ–NÃœLLÃœLERÄ° HAKKINDA SON DURUM!  3 Furkan GÃ¶nÃ¼llÃ¼sÃ¼ avukatlarÄ±na bilgi verilmeden Adliyeye sevk edildiâ€¦,[[0.38987615 0.61012385]]
Ä°sterdim ki insan biraz sevgi gÃ¶rÃ¼nce uzaklaÅŸmasÄ±n,[[0.46964119 0.53035881]]
@Ozgekocahan Allah Ã§arpsÄ±n Ã¶yle baba tarafÄ± zulÃ¼m baÅŸka birÅŸey deÄŸil,[[0.46964119 0.53035881]]
@feministbebegim SÄ±hfkfm tek deÄŸilmiÅŸim,[[0.46964119 0.53035881]]
@fatmadilmenn Bilemiyorum valla. ğŸ˜‚ğŸ˜‚,[[0.46964119 0.53035881]]
@ScarlettDreams2 ğŸ˜ğŸ§¿,[[0.46964119 0.53035881]]
@Ozgekocahan ğŸ¥³,[[0.46964119 0.53035881]]
@effie15 @hakanakelma Yani senin doÄŸrundur.diyecek biÅŸey yok.,[[0.46964119 0.53035881]]
KonuÅŸma uzamasÄ±n diye gÃ¼zel snaplere bile yanÄ±t vermiyorum fazla ÅŸey yapma,[[0.46964119 0.53035881]]
Yaaann deli gÃ¶nÃ¼Ã¼Ã¼l yannn...  Dilime takÄ±ldÄ± ya bu ÅŸarkÄ± sÃ¶zÃ¼.,[[0.46964119 0.53035881]]
"RT @lvntozrn: Merdan YanardaÄŸ; \"Milyonlarca insan Sedat Peker'in videolarÄ±nÄ± izliyor",[[0.46964119 0.53035881]]
BurasÄ± Ã¶nceden Ã¶yle deÄŸildi Ã§ok deÄŸiÅŸtinizğŸ˜,[[0.46964119 0.53035881]]
sizce ben bimden aldÄ±ÄŸÄ±m 29.90lÄ±k rollerdan cildimi dÃ¼zeltmesini bekliyo muyumdur,[[0.28852765 0.71147235]]
KonuÅŸmak istiyordu oysa Ã¶lÃ¼ler konuÅŸmaz.,[[0.46964119 0.53035881]]
RT @frknnesli12: Tertemiz insanlara iftira atmaktan utanmadiniz. Ortaya bir yalan haber attÄ±nÄ±z,[[0.46964119 0.53035881]]
@Gingerx16 @angelifca asÄ±k oldum..,[[0.46964119 0.53035881]]
RT @semrakuytul: AracÄ±mÄ±za kavÅŸakta 70 km hÄ±z ile Ã§arpan,[[0.46964119 0.53035881]]
@Yasingokcee Gsfsfsgsf,[[0.46964119 0.53035881]]
RT @Gezgin__99: AdanaEmniyetinde Ä°ÅŸkence haberleri var. Ä°nsanlara iÅŸkence yapmak iÃ§in mi gÃ¶zaltÄ± yapÄ±yorsunuz? #AdanaEmniyeti cevap vermeliâ€¦,[[0.46964119 0.53035881]]
@A_umuttt_kryk Onu kÃ¢rdan kaybettik olsa ÅŸuan clubtaydÄ±m ğŸ˜‚,[[0.46964119 0.53035881]]
@zeesgee Herkesin inancÄ± kendine.insanlarÄ± inanÃ§larÄ±ndan dolayÄ± mallaÅŸtÄ±rmaya hakkÄ±nÄ±z yok.,[[0.46964119 0.53035881]]
Toksik iliÅŸkilerinizde Ã§ok mutluymuÅŸ gibi davranmayÄ± ne zaman bÄ±rakÄ±rsÄ±nÄ±z tahmini,[[0.46964119 0.53035881]]
@senagurol1 ğŸ˜‘ğŸ˜‘,[[0.46964119 0.53035881]]
ğŸŒµ  https://t.co/SwiZ1iSv30,[[0.40711539 0.59288461]]
Ä°nsan hazza Ã¼stÃ¼n geldiÄŸi gÃ¼n,[[0.46964119 0.53035881]]
GÃ¶zlerim kÄ±sÄ±k ama kimin ne olduÄŸunu biliyorum,[[0.46964119 0.53035881]]
BitmiÅŸiz uzatmalarÄ± yaÅŸÄ±yoruz,[[0.46964119 0.53035881]]
RT @iuz_official: Adana Emniyetindeki 2 kiÅŸi darp ediliyor. Adli tÄ±pa gÃ¶tÃ¼rÃ¼lÃ¼yorlar,[[0.46964119 0.53035881]]
RT @DahiOglan: Merkel gÃ¶revini devretti. Alman halkÄ± 6 dakika boyunca balkonlardan alkÄ±ÅŸladÄ±. GÃ¶rev sÃ¼resince hiÃ§bir suÃ§u kaydedilmedi,[[0.46964119 0.53035881]]
Snapchatte kÄ±rmÄ±zÄ± kalp olalÄ±m senle ğŸ˜‹,[[0.46964119 0.53035881]]
RT @mhsntuna47: KardeÅŸlerimiz SerbestKalsÄ±n bu zulÃ¼m son bulsun,[[0.38987615 0.61012385]]
Åunu anladÄ±m ki insanÄ±n sevilebilmesi iÃ§in kendisi gibi olmamasÄ± gerekiyormuÅŸ.,[[0.46964119 0.53035881]]
"RT @wannartcom: \"There's so much that I can't see Who knows? I felt it from the first embrace I shared with you That now our dreams They'veâ€¦",[[0.36737693 0.63262307]]
@SakrettinAmca Åaktettin amca sende genÃ§ken az ceviz kÄ±rÄ±p ÅŸarap iÃ§memiÅŸin ğŸ˜Š,[[0.46964119 0.53035881]]
ArkadaÅŸ kÄ±ÅŸ ortasÄ±nda yaz getiren,[[0.46964119 0.53035881]]
RT @kurandan1mesaj: YÃ¼ce Allah ÅŸÃ¶yle buyurdu:   â€œZÃ¢limlere yakÄ±n ve yandaÅŸ olmayÄ±n,[[0.46964119 0.53035881]]
Yine olmayan hayallerimle baÅŸbaÅŸayÄ±m,[[0.46964119 0.53035881]]
@dlrabg ğŸ˜Š,[[0.46964119 0.53035881]]
RT @azenger: Trafik kurallarÄ±na saygÄ±,[[0.46964119 0.53035881]]
RT @supertolkstolk: Furkan VakfÄ± (@furkanvakfi) gÃ¶nÃ¼llÃ¼lerine Adana Emniyetinde nasÄ±l iÅŸkence edildi? GÃ¶zaltÄ±na alÄ±nan Furkan VakfÄ± gÃ¶nÃ¼llÃ¼â€¦,[[0.46964119 0.53035881]]
KeÅŸfedilmemiÅŸ bir gezegen kadar uzaksÄ±n kendinden. #Ã‡Ã¼rÃ¼meninkitabÄ±,[[0.46964119 0.53035881]]
evlilik bu dÃ¼nyadaki en gereksiz ÅŸeylerden biridir bu arada,[[0.46964119 0.53035881]]
RT @ebru7747: Birimiz hepimiz,[[0.46964119 0.53035881]]
@TheRolexs Hxbdbdbdbdd,[[0.46964119 0.53035881]]
O kadar deÄŸerli deÄŸilsiniz lan biraz sessizlik,[[0.46964119 0.53035881]]
RT @Ruya_Grck: KardeÅŸlerimiz SerbestKalsÄ±n  Biz TerÃ¶rist deÄŸiliz  Biz MÃœSLÃœMANIZ !!!    https://t.co/B1Ki6NdE1J,[[0.40711539 0.59288461]]
@Ozgekocahan BÃ¶yle dÃ¼ÅŸÃ¼nmek ğŸ¤sen,[[0.46964119 0.53035881]]
Her Ã¶mÃ¼r genÃ§liÄŸinden vurulur,[[0.46964119 0.53035881]]
800 liralÄ±k evin bile siyasi gÃ¶rÃ¼ÅŸÃ¼ var  https://t.co/hVJAX4KsHl,[[0.40711539 0.59288461]]
RT @tevhidnesli_505: Adana emniyetinde neler oluyor ?  Neden iÅŸler illegal yÃ¼rÃ¼yor ?  Neden bir suÃ§ isnat etmek istiyorsunuz zora ki ?  Adaâ€¦,[[0.46964119 0.53035881]]
KÄ±z salak diyorum eÄŸit diyor kÃ¶pek mi lan buuu,[[0.46964119 0.53035881]]
@crnxsilver Bence senin sapÄ±klÄ±ÄŸÄ±nÄ± arttÄ±rmÄ±ÅŸ bu,[[0.46964119 0.53035881]]
RT @frkn2010: Memleket Siyah GÃ¶zlÃ¼klÃ¼lerin Elinde!  Kanunsuz talimatlarÄ± yerine getiren,[[0.46964119 0.53035881]]
@basaramadikmq Dua et 1020 geri almÄ±ÅŸsÄ±n bu sana fazla deyip 500 el koya bilirlerdi.,[[0.46964119 0.53035881]]
@Ozgekocahan Jddjdjdjdjjdjdndn,[[0.46964119 0.53035881]]
Ä°nsanlarÄ± tanÄ±dÄ±kÃ§a,[[0.46964119 0.53035881]]
RT @AyeTade06485573: MedyaEliyle TuzakKuruluyor  https://t.co/okHDyFSUFo,[[0.40711539 0.59288461]]
@OBirKuzu TanrÄ± tuÅŸlu telefondan Ã¶nce dokunmatiÄŸi yaratmalÄ±ydÄ±.,[[0.46964119 0.53035881]]
bu hayata verecek son bir cevabÄ±mÄ±z olacak elbet,[[0.38987615 0.61012385]]
@enesckocak canÄ±m sence hulk gerÃ§ek olabilir mi,[[0.46964119 0.53035881]]
BugÃ¼n hava Ã§ok gÃ¼zel ama iÃ§im daha gÃ¼zel,[[0.46964119 0.53035881]]
essay Ã¶devlerimde min kelime sayÄ±sÄ±nÄ± aÅŸmaya Ã§alÄ±ÅŸÄ±rken ben de bÃ¶yle anewlizler yapÄ±orum,[[0.3229543 0.6770457]]
RT @CSabiqun: KardeÅŸlerimiz SerbestKalsÄ±n  https://t.co/tHGgTcgz5j,[[0.40711539 0.59288461]]
https://t.co/FY8VIucs6W,[[0.40711539 0.59288461]]
ÅÃ¼kÃ¼r edin amÄ±nakoyduklarÄ±m insanlar neler Ã§ekiyor,[[0.46964119 0.53035881]]
@Lik3Dyin ğŸ¥ºğŸ¥ºğŸ¥ºğŸ¥ºğŸ¥º,[[0.46964119 0.53035881]]
Herkese gÃ¼naydÄ±n sana gÃ¼noooooâœ¨,[[0.46964119 0.53035881]]
RT @furkanvakfi: ADANA ADLÄ°YESÄ° Ã–NÃœNDE BEKLEYÄ°Å | CANLI YAYIN   KardeÅŸlerimiz SerbestKalsÄ±n,[[0.46964119 0.53035881]]
@Deniz0109499451 Adana'yÄ± kastetmemiÅŸtim zaten mersin,[[0.46964119 0.53035881]]
RT @TugayTASCI02: Talimatla hareket eden Medya yalan haber yapmaya devam ediyor. MedyaEliyle TuzakKuruluyor,[[0.46964119 0.53035881]]
@Ozgekocahan Sana tolerans sÄ±nÄ±rsÄ±z âœ¨,[[0.46964119 0.53035881]]
RT @USAME_23: @ihacomtr Haberde 6 kiÅŸi diyor videoda 4 kiÅŸi var.  Haberde hastahane diyor videoda Cami var.  KaÃ§Ä±rdÄ± dediÄŸin adamlarÄ±n camiâ€¦,[[0.46964119 0.53035881]]
GÃ¼venin olmadÄ±ÄŸÄ± yerde sevgiye ihtiyaÃ§ duyulmaz.,[[0.46964119 0.53035881]]
RT @oneryldzsongul: EmniyetteÄ°ÅŸkenceyi Lanetliyoruz #AdaletBekleyiÅŸi  #AdanaEmniyeti  https://t.co/TQ905LaFzj,[[0.40711539 0.59288461]]
RT @ysfakskl_23: GÃœNDEM Ã‡ALIÅMAMIZ BAÅLADI â—ï¸  Etiketimiz:  YargÄ±sÄ±zÄ°nfaza Son verilsin,[[0.38987615 0.61012385]]
Kedim kucaÄŸÄ±mda uyuduÄŸu iÃ§in uyanmasÄ±n diye 1.30 saattir kÄ±pÄ±rdamadan duruyorum bebek bÃ¼yÃ¼tÃ¼rken felÃ§ olmak ğŸ¤,[[0.43495591 0.56504409]]
Defter aynÄ± oldukÃ§a yeni bir sayfa aÃ§mak sadece tekrarÄ± yaÅŸatÄ±r.,[[0.46964119 0.53035881]]
@Ozgekocahan @adileradildir HiÃ§ ekmekte mi almadÄ±n mÄ± gÃ¼zelim,[[0.46964119 0.53035881]]
Evet Yay burcuyum yÃ¼kselenim Aslan ğŸ’â€â™€ï¸   Kim hangi burÃ§?,[[0.46964119 0.53035881]]
Hep doÄŸrular yanÄ±ltmadÄ± mÄ± bizi?,[[0.46964119 0.53035881]]
RT @alparslankuytul: Ä°ÅŸkence sonrasÄ± tutuklanan Furkan GÃ¶nÃ¼llÃ¼leri hakkÄ±nda Alparslan Kuytul Hocaefendiâ€™den basÄ±n aÃ§Ä±klamasÄ±:  â€œKaÃ§Ä±rÄ±ldÄ±ÄŸÄ±â€¦,[[0.46964119 0.53035881]]
RT @0nermdil: BaÅŸÃ¶rtÃ¼lÃ¼ bacÄ±larÄ±mÄ±zÄ± Ã¼niversitelere almÄ±yor diyenler ÅŸimdi haklÄ± bir ÅŸekilde aÅŸÄ± ve PCR testi olmak istemeyenleri Ã¼niversitâ€¦,[[0.46964119 0.53035881]]
RT @Mehmetd62697894: BugÃ¼n eczacÄ±lÄ±k bÃ¶lÃ¼mÃ¼nÃ¼ okuduÄŸum Ã§ukurova Ã¼niversitesi eczacÄ±lÄ±k fakÃ¼ltesinde sabah 9daki derse aÅŸÄ±lÄ± olmadÄ±ÄŸÄ±m ve pcâ€¦,[[0.46964119 0.53035881]]
@oztekinduyguu +diÄŸeriniz karÅŸÄ±t gÃ¶rÃ¼ÅŸlÃ¼ diye adama ebu cehil diyor. GenÃ§leri kaybediyoruz genÃ§ler Ã§ok kÃ¶tÃ¼ yaptÄ±ÄŸÄ±n Ã¶tekeleÅŸtirmelere bak. Kendin dÄ±ÅŸÄ±nda hiÃ§bir insanÄ±n dini ve cinsel yÃ¶nelimini doÄŸru bulmuyorsun saygÄ±n yok.,[[0.46964119 0.53035881]]
Ä°nsta posttuma yorum yapmayacaksan neden benim gÃ¼zelim olasÄ±n kiğŸ˜‰,[[0.46964119 0.53035881]]
@bayaminik @erguvanruhu @rumsplaining nolur bir derdim varÄ± sÃ¶yleyelim,[[0.46964119 0.53035881]]
GÃ¼naydÄ±n az Ã¶nce uyanmak iÃ§in kendimi yataktan aÅŸaÄŸÄ± saldÄ±m sen olsan Ã¶pÃ¼cÃ¼kle uyanÄ±rdÄ±m,[[0.46964119 0.53035881]]
RT @furkanvakfiTT: Adliyeye sevk edilen 3 Furkan GÃ¶nÃ¼llÃ¼sÃ¼ kardeÅŸimiz iÃ§in #AdaletBekleyiÅŸi YÃ¼reÄŸir Adliyesi Ã¶nÃ¼nde devam ediyor.  CanlÄ± Yaâ€¦,[[0.46964119 0.53035881]]
RT @ay_moon_ay: ABD'li Alexion ilaÃ§ firmasÄ± TÃ¼rkiye'de SaÄŸlÄ±k BakanlÄ±ÄŸÄ±na rÃ¼ÅŸvet verdiÄŸi iÃ§in 21 milyon $ ceza yedi  Siemens â€œTÃ¼rkiyeâ€™de 57â€¦,[[0.45258446 0.54741554]]
@wtpywtpy Yapacak bir ÅŸey yok  jshxhx,[[0.46964119 0.53035881]]
@eksuzmii Ne zaman baba mezara girince mi,[[0.46964119 0.53035881]]
@kymopolleia Yani sadece saÃ§Ä±na mÄ± bakabiliriz?,[[0.46964119 0.53035881]]
"RT @AhmedCelikten: Medyaya GÃ¼venmeli Miyiz? - KaÃ§Ä±rÄ±lan Ä°ÅŸ AdamÄ± Hadisesi \"10 EylÃ¼l 2021â€™den bu yana TÃ¼rkiye gÃ¼ndemini meÅŸgul eden kaybolanâ€¦",[[0.31077897 0.68922103]]
@sashildrey Somali kabilesinin beyazÄ±,[[0.46964119 0.53035881]]
RT @nebigarci: ArkadaÅŸlar denize falan girip turistlerin canÄ±nÄ± tehlikeye atmayÄ±n. VirÃ¼s bulaÅŸtÄ±rmayÄ±n turistlere. Kim bu cennet vatanda tuâ€¦,[[0.46964119 0.53035881]]
ToplanÄ±p nereye gidiyorsunuz gÃ¶zÃ¼mden dÃ¼ÅŸerek.,[[0.46964119 0.53035881]]
@aytulkanturk ASKIM HEPSÄ° KAPILMIÅ HEPSÄ°,[[0.46964119 0.53035881]]
@aybalamdeyin 3aralÄ±k,[[0.46964119 0.53035881]]
Ä°lgi baÄŸÄ±mlÄ±sÄ± olmuÅŸsunuz hadi Ã¶tede,[[0.46964119 0.53035881]]
RT @Ruya_Grck: KUMPAS BÃœYÃœK AMA ALLAH DAHA BÃœYÃœK â˜ï¸â˜ï¸â˜ï¸  KaranlÄ±kGÃ¼Ã§ler Ä°ÅŸBaÅŸÄ±nda,[[0.46964119 0.53035881]]
Galatasarayla oyun oynanmaz biliyorsunuz ama BeÅŸiktaÅŸ burdan vermez salak olmayÄ±n vermemesi lazÄ±m yani,[[0.46964119 0.53035881]]
RT @leventcanliyy: biz de kazanÄ±rÄ±z elbet,[[0.45258446 0.54741554]]
@ichbinmeloo @serria049 @yambaxx @AliTufanKirac ya hadi yallah amk kÃ¶yÃ¼ne tamam vatan kurtardÄ±n,[[0.46964119 0.53035881]]
kahve dÃ¼nyasÄ± erken kapattÄ±ÄŸÄ±n iÃ§in batarsÄ±n umarÄ±m cnm,[[0.46964119 0.53035881]]
RT @bursafurkanvakf: â€œDÃ¼nyada insanlara iÅŸkence edenlere Allah da Ã¢hirette ceza verirâ€ diyen ResÃ»l-i Ekrem (MÃ¼slim,[[0.46964119 0.53035881]]
@antrofobiks SÃ¼rmeside gÃ¼zel olmuÅŸ lolipopun,[[0.46964119 0.53035881]]
RT @YelizzKoray: MÃ¼fettiÅŸler,[[0.46964119 0.53035881]]
RT @frknnesli12: Bu sefer geciktiniz!Bu saatten sonra insanlarÄ±n size inanacagi bir haber yaptÄ±ÄŸÄ±nÄ±zÄ±mÄ± zannediyorsunuz! 10 gÃ¼ndÃ¼r olan olaâ€¦,[[0.31077897 0.68922103]]
Biliyorum hep aslÄ±nÄ± merak ederdin kÄ±zgÄ±n bir gÃ¼lÃ¼ÅŸle   E.K,[[0.46964119 0.53035881]]
RT @alparslankuytul: Adliye Ã¶nÃ¼nde bekleyen Alparslan Kuytul Hocaefendi'ye polisin biber gazlÄ± mÃ¼dahale anÄ±!  KardeÅŸlerimiz SerbestKalsÄ±nâ€¦,[[0.46964119 0.53035881]]
@ibrahimtklu KalsÄ±n kardesss,[[0.46964119 0.53035881]]
RT @furkanvakfi: GÃ–ZALTINDAKÄ° FURKAN GÃ–NÃœLLÃœLERÄ° HAKKINDA SON DURUM!  KardeÅŸlerimiz SerbestKalsÄ±n,[[0.38987615 0.61012385]]
@Sabahattin_Ali3 De valla sfsfsd,[[0.45258446 0.54741554]]
@drfaithdz Afrikaâ€™nÄ±n bilmem hangi balta girmemiÅŸ oramanÄ±nda bir kabilede daha gÃ¶rÃ¼lmÃ¼ÅŸse gerisi bekleyip aÄŸÄ±rlamak,[[0.46964119 0.53035881]]
@vuralinzz  https://t.co/KIGoXLiMZm,[[0.40711539 0.59288461]]
RT @ebru7747: 2- KaÃ§Ä±rÄ±lan iÅŸ adamÄ±nÄ±n hanÄ±mÄ± aÃ§Ä±klama yaptÄ±ÄŸÄ± halde,[[0.46964119 0.53035881]]
@Ozgekocahan Niye ben tdk mÄ±yÄ±m ki buna takÄ±ldÄ±n bebeÄŸim,[[0.28852765 0.71147235]]
@Ozgekocahan Yinede barÄ±ÅŸmam ama seri Ã¼zgÃ¼n,[[0.46964119 0.53035881]]
@KimNeYazar Daha yol bitmiÅŸ deÄŸil kim bilir ne doÄŸrular yanlÄ±ÅŸ ne yanlÄ±ÅŸlar doÄŸru olacak.,[[0.46964119 0.53035881]]
kanki en son akp virali aldÄ±ÄŸÄ±nda sana gidiyodu vergiler kaynanana daha rahat uÃ§an tekme atman iÃ§in,[[0.38987615 0.61012385]]
ozan inanÄ±r mÄ±sÄ±n bilmiyorum ama birbirinize hem komik videolar hem de makaleler atabilirsiniz,[[0.45258446 0.54741554]]
@FKaya0 En Ã¶zel,[[0.46964119 0.53035881]]
@scarletmagicall @pars489 sakÄ±n biosundaki spotify linkini merak edip ÅŸarkÄ±larÄ±nÄ± dinleme,[[0.46964119 0.53035881]]
KÄ±yafetin ile deÄŸil,[[0.46964119 0.53035881]]
Sevmezsen sevme be ben kendimi severim salaÄŸa bak.,[[0.28852765 0.71147235]]
@A_umuttt_kryk Sen mi ben mi 350 liradan oldum  https://t.co/2nBqiE60po,[[0.29239653 0.70760347]]
RT @RecepKardes01: BugÃ¼n #12eylÃ¼l ve yine tarih tekerrÃ¼r ediyor. Sorgu,[[0.46964119 0.53035881]]
gÃ¶rebildiÄŸimiz kadarsÄ±nÄ±zz,[[0.46964119 0.53035881]]
RT @TugayTASCI02: TÃ¼rkiye'nin Ã¶nde gelen medya kuruluÅŸlarÄ± yalan haber yapÄ±yorlar Bu saatten sonra OnlarÄ±n yaptÄ±ÄŸÄ± hiÃ§bir habere inanmamÄ±zâ€¦,[[0.41002256 0.58997744]]
@hmustafabozkurt @oksijenlisakiz alakajsjsks sizin her zaman falcÄ±nÄ±z bestiniz arkadasÄ±nÄ±z her seyiniz olurum Ã¶lÃ¼rÃ¼m size ğŸ‘‰ğŸ»ğŸ‘ˆğŸ»,[[0.46964119 0.53035881]]
Bazen insanlar gÃ¶rdÃ¼ÄŸÃ¼ iÃ§in sevmekten vazgeÃ§iyor. Biz vazgeÃ§meyiz iÅŸte,[[0.46964119 0.53035881]]
Sabah 9a sÄ±nav koymak insanlÄ±k suÃ§u olmalÄ±,[[0.46964119 0.53035881]]
RT @hilalaykiri: 10 EylÃ¼l Cuma gÃ¼nÃ¼,[[0.31077897 0.68922103]]
RT @1923_ilk: Markete giderken 25 kuruÅŸ vermemek iÃ§in cebinde poÅŸet taÅŸÄ±yanlar .. Saray bizim itibarÄ±mÄ±zdÄ±r,[[0.46964119 0.53035881]]
RT @TugayTASCI02: Åuan @cukurova1973 rektÃ¶rlÃ¼k binasÄ±nÄ±n Ã¶nÃ¼ndeyiz. AÅŸÄ± ve Pcr dayatmasÄ±yla dersten atÄ±lan arkadaÅŸlarÄ±mÄ±zla yetkililerle gÃ¶â€¦,[[0.46964119 0.53035881]]
@ensonhaber Milletin giderini karÅŸÄ±larsanÄ±z neden olmasÄ±n aÃ§ kabadayÄ±lÄ±k olmaz.,[[0.46964119 0.53035881]]
RT @HakYolc71141535: Furkan GÃ¶nÃ¼llÃ¼lerine Kumpas Devam Ediyor! Bir GÃ¶nÃ¼llÃ¼ Daha HaksÄ±zca TutuklandÄ±! YargÄ±sÄ±zÄ°nfaza Son  https://t.co/74lywIâ€¦,[[0.37038487 0.62961513]]
@avokadoyesilii1 Biri geliÅŸme var sankiğŸ˜Š,[[0.46964119 0.53035881]]
@Ozgekocahan ğŸ˜‘ğŸ˜‘,[[0.46964119 0.53035881]]
@AlcayirCengiz Akp ye verin otobÃ¼s bozulmaz ama yakÄ±nda otobÃ¼se binecek paranÄ±z kalmaz o kadar.,[[0.46964119 0.53035881]]
RT @akdaolu_90: AdanaEmniyetinde Ä°ÅŸkence #AdanaEmniyeti 01.30 Allah razÄ± olsun HocamÄ±zdan bize kardeÅŸliÄŸi tekrar Ã¶ÄŸretti bu akÅŸam...  Sahipâ€¦,[[0.43495591 0.56504409]]
FalcÄ± olmam arkadaÅŸ Ã§evremi nasÄ±l etkiliyor  https://t.co/UnGWOyKiC9,[[0.40711539 0.59288461]]
ArtÄ±k ihtiyaÃ§ duyuyorum saf sevgiyeee,[[0.46964119 0.53035881]]
Åampiyon kupamÄ±zÄ± buraya da atmazsam Ã¶lecekmiÅŸimğŸ’šğŸ¤  https://t.co/C7BMN57ka0,[[0.40711539 0.59288461]]
kedilerimden sadece birini story atÄ±nca diÄŸeri Ã¼zÃ¼lecekmiÅŸ gibi hissedip hemen onu da atÄ±yorum evlatlarÄ±mdan birini diÄŸerinden ayÄ±ramÄ±yorum,[[0.52693436 0.47306564]]
@Ozgekocahan YesssğŸ¥³,[[0.46964119 0.53035881]]
@_gkhny1 TÃ¼rk kahvesi  ğŸ‘,[[0.46964119 0.53035881]]
@csofmyeuphoriax keske bu kadar enayi olmasak,[[0.46964119 0.53035881]]
@AvukatBelcin Beyni olmayanlara anlatmak zor.,[[0.46964119 0.53035881]]
@Ozgekocahan Bir kÄ±zÄ±n eli nasÄ±l mÄ± olmalÄ± bÃ¶yle,[[0.46964119 0.53035881]]
RT @27ErenAslan: Tutuklu YargÄ±lanan Furkan GÃ¶nÃ¼llÃ¼sÃ¼,[[0.46964119 0.53035881]]
AcÄ±dan geÃ§meyen ÅŸarkÄ±lar biraz eksiktir,[[0.46964119 0.53035881]]
@aliyaziyor ğŸ˜Š,[[0.46964119 0.53035881]]
Tamam uyuyalÄ±m bu kadar Ä±ÅŸÄ±ltÄ±lÄ± yeter,[[0.46964119 0.53035881]]
RT @Hilal01Defne: GÃœNDEM Ã‡ALIÅMAMIZ BAÅLADIâ—ï¸  Etiketimiz:  KardeÅŸlerimiz SerbestKalsÄ±n,[[0.46964119 0.53035881]]
RT @sehide01: KardeÅŸlerimiz SerbestKalsÄ±n  https://t.co/IU63znIb5p,[[0.40711539 0.59288461]]
@hakan_pishot SahtekarlÄ±ÄŸÄ± en iyi Ã¶nleyen en iyi yapandÄ±r.,[[0.46964119 0.53035881]]
@RenasCotkar ğŸ˜Š,[[0.46964119 0.53035881]]
SÄ±kÄ±ntÄ±dan gÃ¼neÅŸin kÄ±zlarÄ±nÄ± izliyorum Ã§ok kÃ¶tÃ¼ bir gÃ¼n hayÄ±rlÄ± cumalar bu arada,[[0.46964119 0.53035881]]
Hepimiz Ã§ok yorulduk,[[0.46964119 0.53035881]]
@avokadoyesilii1 Ben ikisi ile hem yaÅŸÄ±yor hem Ã¶lÃ¼yorum,[[0.28852765 0.71147235]]
@guneysf Ãœlkemde mÃ¼lteciyim amk,[[0.46964119 0.53035881]]
Åuan ki sinirimi nasÄ±l anlatabilirim bilmiyorum,[[0.46964119 0.53035881]]
@S_ezer01 Beni baÄŸlamaz Ã¶ÄŸrenciyim benğŸ˜‚ğŸ˜‚,[[0.28852765 0.71147235]]
Ä°yi geceler time,[[0.46964119 0.53035881]]
sizce hangi gerizekalÄ± tÃ¼m yaz evde olmasÄ±na raÄŸmen evin iÃ§inde hasta olmayÄ± baÅŸarmÄ±ÅŸtÄ±r,[[0.46964119 0.53035881]]
selena ve hades,[[0.46964119 0.53035881]]
@Ozgekocahan SÄ±kÄ±ntÄ±dan nelere dÃ¼ÅŸtÃ¼kk baksana  https://t.co/to70P3v29a,[[0.40711539 0.59288461]]
Åu anda kafamÄ±n iÃ§inde fadimenin dÃ¼ÄŸÃ¼nÃ¼ var.,[[0.46964119 0.53035881]]
sizce ben zihnimi meÅŸgul etmek iÃ§in 7 fal randevusu birden almÄ±ÅŸ ama zihnimi meÅŸgul edemediÄŸim iÃ§in aÄŸlayarak fal bakÄ±yo muyumdur,[[0.28852765 0.71147235]]
Mutlu olmak iÃ§in Ã§ok ÅŸeye gerek yok,[[0.46964119 0.53035881]]
@dilekzdg @1dilhunnn ahajakwlalaksksjdkd,[[0.46964119 0.53035881]]
RT @BeyzaGvenmez: Koca koca adamlar,[[0.46964119 0.53035881]]
"RT @akgunecee: AdanaEmniyetinde Ä°ÅŸkence !  \"Dokunma Furkan'a",[[0.46964119 0.53035881]]
RT @onculerfv: Kanuna uyun diyorlar,[[0.46964119 0.53035881]]
KÃ¼rt arkadaÅŸlarÄ±mla gecenin halayÄ±nÄ± aÃ§mÄ±ÅŸ bulunmaktayÄ±z deli gibi cida oynuyoruz nskcnvlfl,[[0.46964119 0.53035881]]
Ã‡Ã¼nkÃ¼ hayat olduÄŸu gibidir olmasÄ± gerektiÄŸi gibi deÄŸil.,[[0.46964119 0.53035881]]
@zerrin_nergis Yalan haber yapmayÄ±n lan bozuklar.,[[0.46964119 0.53035881]]
@orhancangorgun askÄ±m burasÄ± bize ve zeytine biraz kÃ¼Ã§Ã¼k gelirmiÅŸ hazreti birinin evini de bu eve katarÄ±z kim varsa,[[0.45258446 0.54741554]]
RT @HuseyinDemir04: Emniyet Furkan GÃ¶nÃ¼llÃ¼lerinden  ne istiyor!? Daha Ã¶nce Emniyetin ÅŸok edici mÃ¼dahalelerine ÅŸimdi de,[[0.45258446 0.54741554]]
@dilaracann30 â™¡,[[0.46964119 0.53035881]]
UyuyanÄ±n amk Ã§ok gÃ¼zel bir gece @NoRespecte,[[0.46964119 0.53035881]]
gece 2'den sonra alÄ±sveris perileri gelirse uyuyun,[[0.46964119 0.53035881]]
@bigaripmerv @Aysenurtiryaki2 Ä°kiniz de Ã§ok haklÄ±sÄ±nÄ±z -Genel,[[0.45258446 0.54741554]]
@toskofacts ArkadaÅŸÄ±m yokmuÅŸ lan etiketlicek ben de Ã§evrem ne temiz diye dÃ¼ÅŸÃ¼nÃ¼yordum,[[0.3229543 0.6770457]]
@Jin__73 Kitap,[[0.46964119 0.53035881]]
bi psikiyatra 400 bayÄ±p bir ay ekmek kemirmek psikolojimi daha da bozar mÄ±,[[0.46964119 0.53035881]]
RT @emratemizkan: YargÄ±sÄ±zinfaza son  https://t.co/GM3He2aZQT,[[0.37038487 0.62961513]]
RT @alparslankuytul: AyrÄ±ca iftira haberi yapan Ä°HA ve ondan bu haberi alÄ±p yayan tÃ¼m medya kuruluÅŸlarÄ± ve haber siteleri hakkÄ±nda suÃ§ duyuâ€¦,[[0.46964119 0.53035881]]
gotumden bÄ±caklandÄ±m bu aksam  https://t.co/wxy1MDFxrj,[[0.40711539 0.59288461]]
RT @semrakuytul: ElhamdÃ¼lillah. Ã‡ok geÃ§miÅŸ olsun.. Sizin durumunuza elbette Ã§ok sevindik ama peki bu iftiracÄ± Ä°HA ne yapacak ÅŸimdi! Bu duruâ€¦,[[0.46964119 0.53035881]]
her ayrÄ±lÄ±kta ÅŸu ÅŸekil devam ben  https://t.co/geug66NSqL,[[0.29239653 0.70760347]]
RT @wannartcom:  https://t.co/9g2XU740th,[[0.40711539 0.59288461]]
@Aysenurtiryaki2 gratise para harcamak yerine sahaflarda sabahlamayÄ± tercih ediyorum. sanÄ±rÄ±m garibim biraz.. âœğŸ»,[[0.46964119 0.53035881]]
@1940yucel Ã–zÃ¼r diliyorum abi kafam iyiyken ayÄ±kmÄ±yorum xndndnnd,[[0.46964119 0.53035881]]
RT @semrakuytul: Ä°HA KARANLIK GÃœÃ‡LERLE Ä°ÅBÄ°RLÄ°ÄÄ°NÄ° BÄ°RKEZ DAHA Ä°SPATLADI. Daha Ã¶ncede Ã§ok kez adÄ±mÄ±zÄ± lekelemeye Ã§alÄ±ÅŸtÄ±. Ben yalanlarÄ±nÄ± oâ€¦,[[0.4163578 0.5836422]]
RT @furkanvakfi: BugÃ¼n ise yine olayla hiÃ§bir alakasÄ± olmayan Emrah TaÅŸ kardeÅŸimiz de apar topar gÃ¶zaltÄ±na alÄ±nÄ±p savcÄ±lÄ±k kararÄ±yla bugÃ¼nâ€¦,[[0.45258446 0.54741554]]
FarklÄ± olmaktan korkma,[[0.46964119 0.53035881]]
@Selma_dadak Yelpaze olsun,[[0.46964119 0.53035881]]
Arada boÅŸ twitler atÄ±yorum evet ama beÄŸeneceksiniz ben olduÄŸum iÃ§in nsnsnsnsn,[[0.28852765 0.71147235]]
@enesckocak Atma,[[0.46964119 0.53035881]]
"RT @2UrfaFurkan: Furkan GÃ¶nÃ¼llÃ¼sÃ¼ Ä°zzet DaÅŸ'Ä±n kaleme aldÄ±ÄŸÄ± \"Furkan KardeÅŸliÄŸi\" ÅŸiirini cezaevinde tutuklu bulunan kardeÅŸlerimize",[[0.46964119 0.53035881]]
@mehmetsariiiiii @metineskikara @SavciSayan Orada insanlar Ã¶lÃ¼rken vermiyor mu?,[[0.46964119 0.53035881]]
Kalanlarla kahkaha atmak varken gidenlerin derdine dÃ¼ÅŸemem bebeÄŸim,[[0.46964119 0.53035881]]
@Ozgekocahan KumaÅŸÄ±nda var seninn olur olur babyyâ¤ï¸â€ğŸ”¥,[[0.46964119 0.53035881]]
@portekizli01 173,[[0.46964119 0.53035881]]
TÃªyrÃªk Ãª brindarÃª jÃ®yan.,[[0.46964119 0.53035881]]
@ilaydasekeerr Onu ayÄ±ktÄ±m zaten ndndnndnd,[[0.46964119 0.53035881]]
RT @TugayTASCI02: SÃ¶zde TarafsÄ±z Haber kuruluÅŸlarÄ± yalan yanlÄ±ÅŸ haberler de halen Ä±srar ediyorlar. MedyaEliyle TuzakKuruluyor,[[0.45258446 0.54741554]]
Koca bir kalabalÄ±ÄŸÄ±n iÃ§inde sÄ±rÄ±tÄ±r yalnÄ±zlÄ±ÄŸÄ±n.,[[0.46964119 0.53035881]]
@cuudee Bende bilmiyorum,[[0.46964119 0.53035881]]
RT @furkanvakfi: 4 GÃ¼ndÃ¼r HiÃ§bir SuÃ§u OlmadÄ±ÄŸÄ± Halde GÃ¶zaltÄ±nda Tutulan 3 Furkan GÃ¶nÃ¼llÃ¼sÃ¼ Serbest BÄ±rakÄ±lsÄ±n!  KardeÅŸlerimiz SerbestKalsÄ±nâ€¦,[[0.46964119 0.53035881]]
RT @heavenbrat: coffee heals the heart,[[0.35907355 0.64092645]]
Ã–lÃ¼ler Ã¶zÃ¼r dileyemez.,[[0.46964119 0.53035881]]
RT @tuanadb: ewt utanmiyorum haykiriyorum ben 101 bilmiuorum. hesap kitap iceren seyler benden uzak dursun lutfn . papaz kacti guzel pistiâ€¦,[[0.28852765 0.71147235]]
RT @ubeyd53: Bu iÅŸte bir mÃ¼nafÄ±klÄ±k var !  https://t.co/OuWCcpLlEQ,[[0.40711539 0.59288461]]
BunlarÄ±n rengi fluuuu,[[0.46964119 0.53035881]]
RT @ruhenerji: seninle ilgilenen biriyle birlikte ol. komik ya da sevimli olduÄŸunu dÃ¼ÅŸÃ¼nen birini kastetmiyorum. seninle ilgili her Ã¶nemsizâ€¦,[[0.46964119 0.53035881]]
Kimseyle konuÅŸmamakta saygÄ± duyulacak bir davranÄ±ÅŸ bence hahahha,[[0.46964119 0.53035881]]
"RT @furkanvakfi: CumhurbaÅŸkanÄ±nÄ±n: \"Temel hak ve Ã¶zgÃ¼rlÃ¼klerin teminat altÄ±na alÄ±nmadÄ±ÄŸÄ±",[[0.46964119 0.53035881]]
RT @VahsiHayatlar: ğŸ¤”Mevzu derin  https://t.co/iHh2eZe3ij,[[0.40711539 0.59288461]]
@kanka963 aga falcÄ± benim zaten aq ben sana bakayÄ±m,[[0.28852765 0.71147235]]
Hayat eve sÄ±ÄŸÄ±yor mu gercekten?,[[0.46964119 0.53035881]]
Hahahahahahajajajajajahahahahhaha @Besiktas,[[0.46964119 0.53035881]]
sizce ben tiktokta 15 yaÅŸÄ±ndaki berkecanÄ±n gÃ¶tÃ¼nÃ¼ kaÅŸÄ±rken yazdÄ±ÄŸÄ± burÃ§ uyumu ve iliÅŸki yorumlarÄ±nÄ± ciddiye alÄ±p Ã¼zÃ¼lÃ¼yo muyumdur,[[0.33869018 0.66130982]]
kocam,[[0.46964119 0.53035881]]
@dilarasariikaya Harikulade,[[0.46964119 0.53035881]]
RT @UrfaFurkanDer: Furkan GÃ¶nÃ¼llÃ¼lerine Kumpas Devam Ediyor! Bir GÃ¶nÃ¼llÃ¼ Daha HaksÄ±zca TutuklandÄ±! YargÄ±sÄ±zÄ°nfaza Son  https://t.co/H41fUR6Zâ€¦,[[0.37038487 0.62961513]]
GÃ¼naydÄ±n kitap kokulu insanlar.,[[0.46964119 0.53035881]]
@eksuzmii AHAJSLALAJSJDNDK,[[0.46964119 0.53035881]]
RT @furkanvakfiTT: KIYMETLÄ° KARDEÅLERÄ°MÄ°Z GÃœNDEM Ã‡ALIÅMAMIZ BAÅLADI â€¼ï¸  ğŸ“Œ Etiketimiz :  YargÄ±sÄ±zÄ°nfaza Son,[[0.38987615 0.61012385]]
KaÃ§amÄ±yoruz takÄ±ntÄ±larÄ±mÄ±zdan,[[0.46964119 0.53035881]]
RT @furkanegitimder: KardeÅŸlik galip gelecek,[[0.46964119 0.53035881]]
@olduozaman000 Tutarsa,[[0.46964119 0.53035881]]
RT @Ruya_Grck: ğŸ“¢ 5âƒ£ gÃ¼ndÃ¼r #KAYIP olan Ä°Å ADAMININ eÅŸi RUMEYSA SARISAÃ‡LI HocahanÄ±m'dan AÃ‡IKLAMA â€¼ï¸  #BakanÃ–zeristifa Stefan Kuntz #AlexDeSoâ€¦,[[0.46964119 0.53035881]]
RT @TugayTASCI02: KaranlÄ±kGÃ¼Ã§ler Ä°ÅŸBaÅŸÄ±nda AlakasÄ±z videolarÄ± birleÅŸtirip kumpas kuruyorlar.,[[0.46964119 0.53035881]]
RT @serhatbedlek: MedyaEliyle TuzakKuruluyor,[[0.46964119 0.53035881]]
BÃ¶yle sevsek olur muu. ?,[[0.46964119 0.53035881]]
Biraz ortam farklÄ±lÄ±ÄŸÄ± iyi gelebilirrrr,[[0.46964119 0.53035881]]
Ä°yi ki gitmiÅŸsin,[[0.46964119 0.53035881]]
RT @MustafaSahinFV: EmniyetteÄ°ÅŸkenceyi Lanetliyoruz #AdaletBekleyiÅŸi  Bu nasÄ±l bir gÃ¶zaltÄ± ve nasÄ±l bir sorgulama!   Derdiniz suÃ§luyu mu buâ€¦,[[0.46964119 0.53035881]]
Ev arkadaÅŸÄ±m ranch sos mu acÄ± sos mu diyor dedim al ordan ketÃ§ap tmmğŸ˜‚  @MuhammetGk01,[[0.43435452 0.56564548]]
@mehmetsariiiiii @metineskikara @SavciSayan Ä°slamÄ±n temel gayesi taÅŸ beton deÄŸil insanlÄ±ÄŸÄ± en gÃ¼zel ÅŸekilde yaÅŸatma diye biliriz.,[[0.46964119 0.53035881]]
@ozgutatalay @jahreindota yangÄ±n tÃ¼pÃ¼ ile ormana giren de salak da mesaj videonun neresinde :d gidip orada slow motion yÃ¼rÃ¼mesi mi,[[0.4036584 0.5963416]]
ZayÄ±ftÄ±m annemin yemeklerine kandÄ±m kilo aldÄ±m.,[[0.46964119 0.53035881]]
RT @SanliMahir: Valla bugÃ¼n de ortalÄ±ÄŸÄ± ayaÄŸa kaldÄ±ran onlar,[[0.45258446 0.54741554]]
magazin sayfasÄ± admini gÃ¶zÃ¼nÃ¼ pornolardan kaldÄ±rÄ±p ilk defa gerÃ§ek kadÄ±n vÃ¼cudu gÃ¶rmÃ¼ÅŸ sanÄ±rÄ±m,[[0.46964119 0.53035881]]
RT @feyziarslan4: KardeÅŸlerimiz SerbestKalsÄ±n  Yeter artÄ±k bu zulÃ¼m bitsin  https://t.co/ivf4BVdCqv,[[0.40711539 0.59288461]]
@Ozgekocahan Olur olur ÅŸerefle ğŸ¥³,[[0.46964119 0.53035881]]
Mevzu gemi deÄŸil kaptan; mÃ¼rettebatta bir ibnelik var .,[[0.46964119 0.53035881]]
@NoRespecte Ä°yi gÃ¼nler daha nice 200lere ğŸ˜„,[[0.43012544 0.56987456]]
@Ozgekocahan ğŸ˜„,[[0.46964119 0.53035881]]
@PervinGunay YakÄ±n olsak eÅŸlik ederdim  â˜ºï¸,[[0.46964119 0.53035881]]
diÄŸer dÃ¼nyada yargÄ±lanma olayÄ±na gÃ¼venmiyorum. ben sizin yaptÄ±ÄŸÄ±nÄ±z,[[0.28852765 0.71147235]]
Rica ediyorum boÅŸ yapmayÄ±n.,[[0.46964119 0.53035881]]
RT @furkanhabernet: Ä°ki gÃ¼ndÃ¼r Adana Emniyetinde iÅŸkence altÄ±nda tutulan Furkan GÃ¶nÃ¼llÃ¼lerini,[[0.46964119 0.53035881]]
@Biyiklicelal OynamÄ±yorum ben ya off  ğŸ‘¿,[[0.28852765 0.71147235]]
RT @nasuhbektas: BunlarÄ±n kim olduÄŸunu bilen var mÄ±? AKP'nin mÃ¼lteci adÄ± altÄ±nda Ã¼lkemize doldurduÄŸu ve ne amaÃ§la kullandÄ±ÄŸÄ±nÄ± bilmediÄŸimizâ€¦,[[0.41002256 0.58997744]]
RT @semrakuytul: ADANA ADLÄ°YESÄ° Ã–NÃœNDEYÄ°Z.  ZULMÃœNÃœZE YAZIKLAR OLSUN DÄ°YORUM BAÅKA DA BÄ°RÅEY DEMÄ°YORUM!   KardeÅŸlerimiz SerbestKalsÄ±n Ä°ÅŸkenâ€¦,[[0.46964119 0.53035881]]
+ ama Ã¶yle berbat bir dÃ¼nya ki sadece kin,[[0.46964119 0.53035881]]
@rojin_ekinciogl Jack London - MartÄ±n Eden,[[0.41446115 0.58553885]]
@Ozgekocahan Allah zihin aÃ§Ä±klÄ±ÄŸÄ± versin sinava girmeden duanÄ± et tamam mÄ± kuzum hahahahahah,[[0.46964119 0.53035881]]
@iremsehren ğŸ˜„ğŸ˜„,[[0.46964119 0.53035881]]
@with_zey ğŸ–ï¸,[[0.46964119 0.53035881]]
@olduozaman000 ğŸ˜‚,[[0.46964119 0.53035881]]
"@fip_hastasi_mia @pandispanya33 @Yigitoglu1881 @bugrakukii MesleÄŸi bu olan kiÅŸinin \"sen evli misin",[[0.46964119 0.53035881]]
RT @ibrahimgvnmz: KardeÅŸlerimiz SerbestKalsÄ±n emniyet iÅŸkencelerin hesabÄ±nÄ± versin kim olduklarÄ±nÄ± aÃ§Ä±klasÄ±n suÃ§lular cezasÄ±nÄ± Ã§eksin,[[0.46964119 0.53035881]]
@belamistiyon @fun4alperen Gt,[[0.46964119 0.53035881]]
@hzaysegulm DeÄŸil,[[0.46964119 0.53035881]]
iyi akÅŸamlar yarÄ±nÄ± bilemem ama bugÃ¼n hayatÄ± seviyorum,[[0.46964119 0.53035881]]
@can_veysel01 ğŸ‘,[[0.46964119 0.53035881]]
RT @ah_ekinci: KardeÅŸlerimiz SerbestKalsÄ±n AllahÄ±m zalimleri sana havale ediyorum.,[[0.46964119 0.53035881]]
"RT @Huzursesimiz123: \"Ä°ÅŸkence uzmanÄ± olmak iÃ§in gayret gÃ¶sterdiÄŸiniz kadar iyi bir insan ve iyi mÃ¼slÃ¼man olmak iÃ§in gayret gÃ¶stermediniz.Seâ€¦",[[0.46964119 0.53035881]]
Evet yedikÃ§e yoruluyor yoruldukÃ§a yiyoruz ğŸ»,[[0.46964119 0.53035881]]
RT @Huseyin_Sah27: Ä°ÅŸkence kiÅŸinin acizliÄŸini gÃ¶steren bir araÃ§tÄ±r.  EmniyetteÄ°ÅŸkenceyi Lanetliyoruz #AdaletBekleyiÅŸi,[[0.46964119 0.53035881]]
RT @AyseSSahinn: KaranlÄ±kGÃ¼Ã§ler Ä°ÅŸbaÅŸÄ±nda ama yine iftiralarÄ± tutmayacak.. Bu videoyu izlemeyenler izlemeli..  Ä°ftira atmak kolay ama hesabâ€¦,[[0.46964119 0.53035881]]
@politicturk Yani orada adam tek baÅŸÄ±na kime ne hastalÄ±k bulaÅŸÄ± olacak anlamak zor.,[[0.46964119 0.53035881]]
RT @domateskabugu64: ğŸ˜  https://t.co/gnU7bl460G,[[0.40711539 0.59288461]]
ben anlamÄ±yorum insanlarÄ±n sizin fikriniz yokmuÅŸcasÄ±na davranmasÄ± neden hoÅŸunuza gidiyor,[[0.28852765 0.71147235]]
@rohatdiyin Ghshdh,[[0.46964119 0.53035881]]
@4hmet034 @ayse_bblk @afrasyabb_ @esrakarakoyunn @kctr06 @bayangastronom @samimicten @sibellnr1 @cgrbahar @melissbabaa Hahaha ÅŸu anda girip bakÄ±yorum ahsjjsj,[[0.46964119 0.53035881]]
RT @TugayTASCI02: BaÅŸta @ihacomtr olmak Ã¼zere bu isimleri kesin suÃ§lu gibi gÃ¶steren @cumhuriyetgzt @gazetesozcu @cnnturk bu mahkeme kararÄ±nâ€¦,[[0.46964119 0.53035881]]
@Damlanurgokkk Her zamannn ndndndnd,[[0.46964119 0.53035881]]
RT @ishak0102: GÃœNDEM Ã‡ALIÅMAMIZ BAÅLADI â—ï¸â—ï¸â—ï¸  Etiketimiz:  MedyaEliyle TuzakKuruluyor,[[0.46964119 0.53035881]]
ArtÄ±k anlamsÄ±z geliyor ÅŸehir ve Ã§evremmm,[[0.46964119 0.53035881]]
RT @nebevihareket: Allah bu olayla emniyet(!) kurumunun TÃ¼rkiye'de zulÃ¼m ve iÅŸkencede geldiÄŸi noktayÄ± ortaya koymuÅŸ oldu!Belki hergÃ¼n yaÅŸanâ€¦,[[0.45258446 0.54741554]]
fulledim ğŸ‘‰ğŸ»ğŸ‘ˆğŸ»,[[0.46964119 0.53035881]]
RT @semrakuytul: Cuma gÃ¼nÃ¼ gÃ¶zaltÄ±na alÄ±nÄ±p iki gÃ¼n boyunca,[[0.46964119 0.53035881]]
@iremsehren ÅÅŸÅŸ kÄ±zlar yakÄ±ÅŸmÄ±yor ğŸ˜‚,[[0.46964119 0.53035881]]
BÄ±raktÄ±m zamana,[[0.46964119 0.53035881]]
RT @turunncumokka: yeterince paronayak bi kari degilmisim gibi kafamda kurdugum seyleri cekim yasasi yuzunden yanlislikla gerceklestiririmâ€¦,[[0.46964119 0.53035881]]
Merhamet insanlarÄ± sevenin gerileceÄŸi Ã§armÄ±h olmamalÄ±.,[[0.46964119 0.53035881]]
Åu ÅŸekil kargo bekliyorum  https://t.co/03HEaRqKcp,[[0.40711539 0.59288461]]
@effie15 @hakanakelma Demek amirleri bunlara bÃ¶yle davranÄ±yor ki bunlarda bÃ¶yle davranÄ±yor ey akÄ±lsÄ±z.,[[0.46964119 0.53035881]]
@trthaber AkÄ±l iÅŸi deÄŸil arkada ÅŸÃ¶fÃ¶r yok. nasÄ±l cahillik bu.,[[0.46964119 0.53035881]]
HayatÄ±mda olupda yan yana oturmak istemediÄŸim birÃ§ok insan var,[[0.46964119 0.53035881]]
@gevezesena HiÃ§ sormaaağŸ˜‹,[[0.46964119 0.53035881]]
RT @kalbimviran: su hayatÄ± yasamamak icin gÃ¶zÃ¼m kapalÄ± kabul edebilecegim hayat sartlarÄ±nÄ± size anlatabilsem yuh dersiniz tercih secenegimiâ€¦,[[0.46964119 0.53035881]]
@EcemSagar @angelifca Yaa âœ¨â¤ï¸â¤ï¸,[[0.46964119 0.53035881]]
RT @GocebeDavetci: YargÄ±sÄ±zÄ°nfaza Son,[[0.38987615 0.61012385]]
@sabahdortbucuk askÄ±m 1 hafta ekmek kemirecek olabiliriz ama Ã§Ä±tÄ±r ve gÃ¼zeliz??,[[0.46964119 0.53035881]]
Kimse olduÄŸu gibi deÄŸildir.,[[0.46964119 0.53035881]]
Furkan GÃ¶nÃ¼llÃ¼lerine Kumpas Devam Ediyor! Bir GÃ¶nÃ¼llÃ¼ Daha HaksÄ±zca TutuklandÄ±! YargÄ±sÄ±zÄ°nfaza Son  https://t.co/HTxcUcREp9,[[0.37038487 0.62961513]]
@borsacibaba Ä°ÅŸi bilen konuÅŸur bilenler gÃ¼nler Ã¶nce ayÄ±ktÄ± ayÄ±ktÄ±rdÄ±.,[[0.46964119 0.53035881]]
@burcuas  https://t.co/Ik7g5AZsGd,[[0.40711539 0.59288461]]
Aynenn happy ğŸ¥€,[[0.33449888 0.66550112]]
@Biyiklicelal Orda yeÅŸil bir ÅŸey var sanki  https://t.co/fxHoRCfrsn,[[0.40711539 0.59288461]]
Ã¼zÃ¼lme kÄ±zÄ±m alÄ±caz sana o proplan mamayÄ±,[[0.46964119 0.53035881]]
Bir kiÅŸi deÄŸer bin kiÅŸiye.,[[0.46964119 0.53035881]]
@adileradildir GÃ¼zel twitt,[[0.46964119 0.53035881]]
RT @ebru7747: Adana Emniyet MÃ¼dÃ¼rÃ¼ Ä°STÄ°FA ğŸ“¢,[[0.46964119 0.53035881]]
RT @onlukitap:  https://t.co/TDM4cj8u8k,[[0.40711539 0.59288461]]
RT @NoRespecte: en zor anlarÄ±mÄ± tek baÅŸÄ±ma atlattÄ±m herkes iyi olduÄŸuma inanÄ±rken,[[0.46964119 0.53035881]]
RT @furkanhabernet: Son Dakika | Adana Emniyetinde skandal iÅŸkencelere maruz kalan 3 Furkan GÃ¶nÃ¼llÃ¼sÃ¼ gÃ¶zaltÄ± sÃ¼recinin dÃ¶rdÃ¼ncÃ¼ gÃ¼nÃ¼nde,[[0.38987615 0.61012385]]
@Ozgekocahan AÄŸlaa hahahhahahahahhahahahhahahahahahhahahahahahahahhahahahahahahahahahahahahahahahahhahahahahahah  SENEYE TEKRAR DENERSÄ°NN HAHAHAHAHAB,[[0.46964119 0.53035881]]
@eksuzmii sus adam bi kere aÄŸzÄ±ndan gÃ¼zel bi ÅŸey Ã§Ä±ksÄ±n,[[0.46964119 0.53035881]]
@uyanhadi_ Furkan vakfÄ± yine Ã¼lkemin baÅŸÄ±na nasÄ±l dert olurum gayesinde yasak var biliyorsun islamÄ± bile oyuncak ettiniz,[[0.46964119 0.53035881]]
@Selenofilii Hasta Ã¶lÃ¼rken me too :),[[0.46964119 0.53035881]]
Baba tarafÄ± Kolombiya arka sokaklarÄ± anne tarafÄ± Ä°ngiltere falan,[[0.46964119 0.53035881]]
Tahminen ne zaman gÃ¼lÃ¼m diye telefon rehberime bazÄ± olaylar gerÃ§ekleÅŸir,[[0.46964119 0.53035881]]
@Songul4535 Yani evli falan mÄ± alalÄ±mğŸ˜Š,[[0.46964119 0.53035881]]
@Ozgekocahan @iremsehren KocasÄ±nÄ±n bir tanesi Ã§at Ã§at hahahahahahhahahahahahah,[[0.46964119 0.53035881]]
o zaman minicik olan amcÄ±k hoÅŸafÄ± beynin ile sen de karar verme meryem,[[0.45258446 0.54741554]]
Ã‡ok ÅŸÃ¼kÃ¼r bugÃ¼n de iki kiÅŸilik yemek yedikten sonra yarÄ±na iÃ§mek iÃ§in dukan biramÄ±zÄ± hazÄ±rladÄ±k,[[0.45258446 0.54741554]]
RT @rickimben: Ã‡irkinle bir Ã¶mÃ¼r geÃ§erde salakla 5 dakika geÃ§miyor,[[0.46964119 0.53035881]]
"RT @turanmurat9: \"Binali YÄ±ldÄ±rÄ±m'Ä±n kendisi memurluktan eÅŸi Ã¶ÄŸretmenlikten gelme. Ama Ã§ocuklarÄ±n 30-40 gemilik bir filosu var. Bu zenginliâ€¦",[[0.43495591 0.56504409]]
RT @sozcumuratoglu: Her gÃ¼n binlerce Afgan Ã¼lkeye giriÅŸ yapÄ±yor. Kimse de â€œhop birader nereye?â€ diye sormuyor. Dingoâ€™nun ahÄ±rÄ± bile daha neâ€¦,[[0.45258446 0.54741554]]
@borsacibaba Dolara baÄŸlÄ±,[[0.46964119 0.53035881]]
@onurozsumbull +1,[[0.46964119 0.53035881]]
BaÅŸÄ±mÄ±za ne geliyorsa hep bu sÄ±kÄ±ntÄ±dan geliyor.,[[0.46964119 0.53035881]]
@wtpywtpy MuhteÅŸem,[[0.46964119 0.53035881]]
@oznurtl GÃ¼nas derken,[[0.46964119 0.53035881]]
Åu pandemi dÃ¶neminde en Ã§ok Ã¶zlediÄŸim ÅŸey tiyatroya gitmek ve sergi ve mÃ¼ze gezmek oldu bir an Ã¶nce tekrardan kavuÅŸuruz umarÄ±m ğŸ’– #WorldMuseumDay  https://t.co/uC3rWXjqe9,[[0.40711539 0.59288461]]
Bana uymuyor bu hesaplar.,[[0.46964119 0.53035881]]
hasretin 20 storysini art arda izlemek,[[0.44555568 0.55444432]]
Seviyorsan git,[[0.46964119 0.53035881]]
Ã‡ok kÃ¶tÃ¼ lennn bu aralarrrr,[[0.46964119 0.53035881]]
RT @SmyyKynrpnr: KÄ±ymetli HocamÄ±zla beklemeye devam ediyoruz! KardeÅŸlerimiz SerbestKalsÄ±n  https://t.co/mcaZeUSjT4,[[0.40711539 0.59288461]]
@cumhuriyetgzt  https://t.co/Ik7g5AZsGd,[[0.40711539 0.59288461]]
RT @furkanvakfi: MEDYA ELÄ°YLE TUZAK KURUYORLAR!  Bu sabah oraya Ã§Ä±kan iÅŸ adamÄ±nÄ±n gÃ¶rÃ¼ntÃ¼lerinin tÃ¼m gÃ¼n sosyal medyada yayÄ±lmasÄ±na raÄŸmenâ€¦,[[0.46964119 0.53035881]]
RT @furkanhuzeyfe: Furkan VakfÄ± gÃ¶nÃ¼llÃ¼sÃ¼ 3 kiÅŸinin gÃ¶zaltÄ±nda iÅŸkenceyle kabul etmesi istenilen,[[0.46964119 0.53035881]]
@xmelisasi @sergiobuzkesti @Cagriderki ğŸ˜‚,[[0.46964119 0.53035881]]
Evet arkadaÅŸlaarr...  Bilmeniz gereken en Ã¶nemli ve tek ÅŸey?  -ALLAH KORKUSU,[[0.46964119 0.53035881]]
@2008_kil Niye yÃ¼rÃ¼sÃ¼nler ki ekmek elden su gÃ¶lden.,[[0.46964119 0.53035881]]
@avokadoyesilii1 Ãœlkenin hazinesi gibiğŸ˜Š,[[0.46964119 0.53035881]]
@rumsplaining uiyy pamuk oldum ğŸ’–,[[0.46964119 0.53035881]]
inanmÄ±yo olabilirsiniz ama inananlara saygÄ± gÃ¶sterin lÃ¼tfen ğŸ™ğŸ»ğŸ¤²ğŸ»ğŸ•‹,[[0.46964119 0.53035881]]
RT @temizlemejeli: cok Ã¼zgÃ¼nm malsf ki  https://t.co/oqkuehOu4P,[[0.40711539 0.59288461]]
@kymopolleia Takviye lazÄ±m sana,[[0.46964119 0.53035881]]
RT @furkanvakfiTT: KIYMETLÄ° KARDEÅLERÄ°MÄ°Z GÃœNDEM Ã‡ALIÅMAMIZ BAÅLADI â€¼ï¸ ETÄ°KETÄ°MÄ°Z;  Ä°ftiracÄ±Ä°HA RezilOldu #FurkanaKumpasÃ‡Ã¶ktÃ¼  https://t.co/â€¦,[[0.40711539 0.59288461]]
Senin burcun hangisi?  https://t.co/9ideiPoll0,[[0.40711539 0.59288461]]
RT @omerozcan23: SanÄ±yorsunuz ki yaptÄ±ÄŸÄ±nÄ±z bu zulÃ¼mlerin Ã¼stÃ¼ kapanacak. Ama bilin ki Allah ÅŸahit ve size en gÃ¼zel ÅŸekilde hÃ¼kmedecek... Aâ€¦,[[0.46964119 0.53035881]]
RT @kynrpnrsena: Sevk edildikleri adliye Ã¶nÃ¼ndeyiz. GÃ¼nlerdir devam eden zulmÃ¼n,[[0.46964119 0.53035881]]
@06melihgokcek Eflansyon dÃ¼ÅŸerse burda yaÅŸayan FransÄ±zlarda belki sevinir.,[[0.46964119 0.53035881]]
ArtÄ±k bu sarkÄ±larÄ± oyun oynarken arkada Ã§alsÄ±n diye aÃ§Ä±orum sadece sÄ±fÄ±r duygusallÄ±k maalesef  https://t.co/jck7Fd8Jiw,[[0.40711539 0.59288461]]
RT @gul_umare: 4 GÃ¼ndÃ¼r HiÃ§bir SuÃ§u OlmadÄ±ÄŸÄ± Halde GÃ¶zaltÄ±nda Tutulan 3 Furkan GÃ¶nÃ¼llÃ¼sÃ¼ Serbest BÄ±rakÄ±lsÄ±n!  KardeÅŸlerimiz SerbestKalsÄ±n,[[0.46964119 0.53035881]]
@Damlanurgokkk HaklÄ± bir isyan ama buna deÄŸer ğŸ˜‰ğŸ˜„,[[0.46964119 0.53035881]]
@senge_20 ğŸ˜…,[[0.46964119 0.53035881]]
Psikolog gibi konuÅŸup akÄ±l hastasÄ± gibi davranmak.. HayatÄ±mÄ±n Ã¶zeti,[[0.46964119 0.53035881]]
biri var fal parasÄ±nÄ± flÃ¶rtlerine Ã¶dettirip falda sadece eski sevgilisini soruyo bayanlar Ã§ok kÃ¶tÃ¼sÃ¼nÃ¼z amk,[[0.46964119 0.53035881]]
@Picmolia8 Ã–lÃ¼nce uyuyacaÄŸÄ±z zaten uzun bir uykuya ÅŸimdilik gerek yok.,[[0.46964119 0.53035881]]
"Az olmuÅŸ Ã§ocuklarÄ±n yakasÄ±na yetim diye kaÄŸÄ±t yapÄ±ÅŸtÄ±rsaydÄ±nÄ±z direkt? Bize taziyeye gelen bir kadÄ±n da \"yetimin baÅŸÄ±nÄ± okÅŸamak 1000 sevap gibidir\" diyip kardeÅŸimin basÄ±nÄ± oksamÄ±ÅŸtÄ± :d yapacaÄŸÄ±nÄ±z iyiliÄŸi sikeyim hepinizin",[[0.46964119 0.53035881]]
RT @2008_kil: Eskiden Milli Piyango almak ÅŸansÄ±nÄ± denemekti...  Åimdi Milli Piyango almak enayiliÄŸini tescillemek...,[[0.46964119 0.53035881]]
RT @keles702: YargÄ±sÄ±zÄ°nfaza Son  YargÄ±sÄ±zÄ°nfaza Son  YargÄ±sÄ±zÄ°nfaza Son,[[0.38987615 0.61012385]]
RT @nilufersumeyra: @furkanhabernet ÙŠØ§ Ø±Ø¨ÙŠ Ø§Ù†ØµØ±Ù†Ø§,[[0.46964119 0.53035881]]
RÃ¶portaj | Medyaya gÃ¼veniyor musunuz? Adana sokaklarÄ±na yerel medyayÄ± sorduk! Sahte habere maruz kaldÄ±ÄŸÄ±nÄ±zÄ± dÃ¼ÅŸÃ¼nÃ¼yor musunuz? Ä°ÅŸte aldÄ±ÄŸÄ±mÄ±z cevaplar.. Malesef insanlarÄ±mÄ±z haklÄ±nÄ±n yanÄ±nda deÄŸil,[[0.46964119 0.53035881]]
Hepsinden sÄ±kÄ±ldÄ±m,[[0.46964119 0.53035881]]
RT @ebru7747: 6- Bir et meselesi vardÄ± yine Furkan VakfÄ±na yÄ±kmak istedikleri. Yeni bir kumpas kurduk diye sevinmiÅŸlerdi  Furkan vakfÄ±na aiâ€¦,[[0.46964119 0.53035881]]
YaÅŸam belirtisiiiiiiii,[[0.46964119 0.53035881]]
@1_genius_ Aynen dondurmuÅŸtum,[[0.46964119 0.53035881]]
@Ozgekocahan GÃ¼ven sadece boÅŸ laf,[[0.46964119 0.53035881]]
@Hseyincan54 kral biraz linÃ§lenecek ÅŸekilde atmÄ±ÅŸsÄ±n sanki,[[0.46964119 0.53035881]]
RT @lemonRQ: bazen benim cinnet geÃ§irmem iÃ§in itinayla hazÄ±rlanmÄ±ÅŸ bi dÃ¼zenin iÃ§inde yaÅŸÄ±yomuÅŸum gibi geliyo,[[0.46964119 0.53035881]]
@Ozgekocahan Veriyorsun amağŸ¥³,[[0.46964119 0.53035881]]
RT @YakutHukuk01: 2- videonun devamÄ±  https://t.co/Vlou0VY8dR,[[0.40711539 0.59288461]]
+ Pubg'iye girek mi,[[0.46964119 0.53035881]]
malum kiÅŸi hepimizin gÃ¶tÃ¼nÃ¼ Ä±sÄ±rÄ±yor zaten ortada foto yok sadece malsf,[[0.46964119 0.53035881]]
@batuu____ Eyelineri sÃ¼rmem 2 dakikamÄ± almÄ±yor allah sizin belanÄ±zÄ± versin oyun oynamaktan Ã¶nÃ¼nÃ¼zÃ¼ gÃ¶remiyorsunuz  ğŸ˜’,[[0.46964119 0.53035881]]
@yunusemre_ercn Hep aklÄ±mdaydÄ±n daaa,[[0.46964119 0.53035881]]
RT @dogalafetmine: kim abi bu bi kadÄ±nÄ±n Ã¶lÃ¼m haberi gelir gelmez  sÄ±rtÄ±na melek kanadÄ± takÄ±p paylaÅŸanlar,[[0.46964119 0.53035881]]
@trthaber Bunlar iyi gÃ¼nler,[[0.46964119 0.53035881]]
@guldumbaksimdi @Xswift16 @angelifca @YueCollections AskÄ±m 4lÃ¼ bileklik setini ne zaman tekrar getiriceksin,[[0.46964119 0.53035881]]
RT @semrakuytul: Bu konuda bir haftadÄ±r Ã§eÅŸitli vesilelerle aÃ§Ä±klama yapÄ±yoruz. EÄŸer Ä°HA artniyetli olmasaydÄ± o aÃ§Ä±klamalardan birkaÃ§ cÃ¼mleâ€¦,[[0.46964119 0.53035881]]
RT @MustafaSahinFV: KaranlÄ±kGÃ¼Ã§ler Ä°ÅŸBaÅŸÄ±nda  Tek baÅŸÄ±na ilk mahkeme hakiminin kararÄ± bile bu suÃ§lamanÄ±n ne kadar adice olduÄŸunu gÃ¶sterir!â€¦,[[0.46964119 0.53035881]]
@effie15 @hakanakelma AramÄ±zdaki fark sen deÄŸneÄŸi gÃ¶rÃ¼yorsun ben vuranÄ±.,[[0.28852765 0.71147235]]
@NoRespecte Yorumlar 15 sn miğŸ˜€,[[0.46114292 0.53885708]]
@NoRespecte YÃ¼rÃ¼ yÃ¼rÃ¼ lan enayii,[[0.46964119 0.53035881]]
Ben yatar iyi uykular ğŸ‘€,[[0.28852765 0.71147235]]
RT @yakupsahin27: Adana Emniyetindeki Skandal Ä°ÅŸkencenin Kan Donduran DetaylarÄ±! EmniyetÄ°ÅŸkence YeriMi  https://t.co/O71nv7HAIO,[[0.40711539 0.59288461]]
gÃ¶te bakan erkekle olur da sarmanÄ±n inceliÄŸine bakan erkekle olmaz ya,[[0.46964119 0.53035881]]
RT @AhmedCelikten: Bir iÅŸ adamÄ±nÄ± kaÃ§Ä±rma iddiasÄ±yla 2 Furkan gÃ¶nÃ¼llÃ¼sÃ¼ tutuklanarak cezaevine gÃ¶nderilmiÅŸti. O iÅŸ adamÄ± ortaya Ã§Ä±ktÄ± ve Fuâ€¦,[[0.46964119 0.53035881]]
@h4NCiHAN Maviyi,[[0.46964119 0.53035881]]
BaÅŸ aÄŸrÄ±sÄ±nÄ± skm noktaaaaaa,[[0.46964119 0.53035881]]
sen ve ben gerÃ§ek birer kuÄŸuyuz Ã§Ã¼nkÃ¼ asÄ±l kuÄŸular ÅŸah ve mat der o gururlu yalnÄ±zlÄ±klarÄ±nda,[[0.28852765 0.71147235]]
MakyajsÄ±z kiÅŸiliklere ihtiyacÄ±mÄ±z var.,[[0.46964119 0.53035881]]
@Ulubatl99683747 ğŸ˜Š,[[0.46964119 0.53035881]]
@sendika_org Devlete salya akÄ±tmak iÃ§in Furkanâ€™cÄ±lar iÅŸ baÅŸÄ±nda,[[0.46964119 0.53035881]]
@Miiracgurbuz @lowfiveghosttt KÃ¶tÃ¼ oldumm,[[0.46964119 0.53035881]]
@gokhan_kayd 64 Ã¶lim ben mÃ¼sadenizle,[[0.28852765 0.71147235]]
Sadece uzaklÄ±k,[[0.46964119 0.53035881]]
Otoritenin en bÃ¼yÃ¼k gÃ¼vencesi bunak beyinlerdir.,[[0.46964119 0.53035881]]
RT @FeyziArslan18: YargÄ±sÄ±zÄ°nfaza Son,[[0.38987615 0.61012385]]
@Gkalp46001355 @anapaliahmet @1UzunAdam Filistin cephesini bÄ±rakÄ±p kaÃ§anlar Medine savunmasÄ±nÄ± kime karÅŸÄ± ne iÃ§in yapmÄ±ÅŸtÄ±r?. Saltanat sevdasÄ± ne Filistinâ€™i bÄ±raktÄ± nede tahtÄ±.,[[0.46964119 0.53035881]]
Teselli artÄ±k neyi deÄŸiÅŸtirir ki,[[0.46964119 0.53035881]]
@superhaber Ä°ranlÄ± ve Suriyeliler turist olarak anÄ±lÄ±yorsa bitmiÅŸiz,[[0.46964119 0.53035881]]
@fonseka26 @eylemua2019 @with_zey,[[0.46964119 0.53035881]]
eurovisionda romanyayÄ± ilk 10a sokmayan herkese sÃ¶nmez - yuvan yÄ±kÄ±lsÄ±n remix armaÄŸan ediyorum ii geceler,[[0.4761214 0.5238786]]
Ben ÅŸimdi ÅŸiir dinleyerek uyurum benim iÃ§in Ã¼zÃ¼lme,[[0.28852765 0.71147235]]
@pelinuzl Diyorsunn bakalÄ±m,[[0.46964119 0.53035881]]
@Abdullahklcc0 @NoRespecte Djjdjdjsjsjjsjsjsjsjsjj benle aynÄ± fikirde biriiiiğŸ‘‘,[[0.46964119 0.53035881]]
RT @MumineFv: ADLÄ°YE Ã–NÃœ CANLI YAYIN BAÅLADIâ—ï¸   https://t.co/wcGDwVzRHB  #AdanaEmniyeti #salÄ± #BenimFikrim #EÄŸitimKarmaOlmasÄ±n #YouTubeKanaâ€¦,[[0.40711539 0.59288461]]
@LYLa_Rte_ OÄŸlum ordan iki otobÃ¼s daha ver teyzeye doymaz ama,[[0.46964119 0.53035881]]
@gevezesena FazlasÄ±yla ğŸ˜„,[[0.46964119 0.53035881]]
Sen uÃ§ak modumusun ki ulaÅŸÄ±lmaz olasÄ±n,[[0.46964119 0.53035881]]
@_melikearslnn Ne mutlu..,[[0.46964119 0.53035881]]
GamsÄ±z olmayÄ± ben seÃ§medim ama sanÄ±rÄ±m tek seÃ§enekte o olurdu,[[0.28852765 0.71147235]]
@zxgozde Demek mersedes veya biemi olsa eve geÃ§ireceklerğŸ˜‚,[[0.46964119 0.53035881]]
@bencagatay7 20,[[0.46992793 0.53007207]]
@iremcigm Yay,[[0.46964119 0.53035881]]
RT @ibadurrahmen: KardeÅŸlerimiz SerbestKalsÄ±n,[[0.46964119 0.53035881]]
KadÄ±n Ã¶yle bir konudur ki,[[0.46964119 0.53035881]]
RT @artcullture:  https://t.co/3OFT6NbPDX,[[0.40711539 0.59288461]]
@ethembulbul_ @GalatasaraySK ğŸ˜‰,[[0.46964119 0.53035881]]
RT @MustafaSahinFV: EÅŸi bizzat olayÄ± anlatÄ±yor ama Ä°HA denilen iftira haber ajansÄ±,[[0.46964119 0.53035881]]
HayvanlarÄ± da sevelim,[[0.46964119 0.53035881]]
RT @TurkiyeG_nd_m: Alparslan Kuytul hocadan,[[0.46964119 0.53035881]]
Ã§ekilecek dert deÄŸil,[[0.46964119 0.53035881]]
Sonra bi hoÅŸuma gittin gidÅŸ o gidiÅŸ,[[0.46964119 0.53035881]]
@gevezesena AynÄ± duygularÄ± paylaÅŸmak kolay deÄŸil hdhdhdb,[[0.46964119 0.53035881]]
@kymopolleia Ben hiÃ§ oraya foto atmadÄ±m hepsi o yÃ¼zden boÅŸtur.,[[0.28852765 0.71147235]]
@merend7 SaÄŸol ya Ã§ok dÃ¼ÅŸÃ¼ncelisin Allah razÄ± olsun  ğŸ˜‚,[[0.46964119 0.53035881]]
@mineyle DuruÅŸa baÄŸlÄ±,[[0.46964119 0.53035881]]
@bahamot007 OlmasÄ±nÄ± isteyip de olmayan ÅŸeylerden,[[0.45258446 0.54741554]]
@Gamzessuslu O kadar haklÄ± bir twit ki anlatamâœ¨,[[0.46964119 0.53035881]]
AnlÄ±k insanlarsÄ±nÄ±z!,[[0.46964119 0.53035881]]
RT @furkanhuzeyfe: AdanaEmniyetinde Ä°ÅŸkence  Ä°ÅŸkence,[[0.46964119 0.53035881]]
RT @furkanhuzeyfe: Polisler,[[0.46964119 0.53035881]]
Mutlu huzurlu pazarlar ğŸ’¯âœ¨,[[0.46964119 0.53035881]]
RT @furkanvakfi: BAÅTA Ä°HLAS HABER AJANSI OLMAK ÃœZERE BU KUMPASA DAHÄ°L OLAN TÃœM MEDYA KURULUÅLARINI KINIYORUZ!   BaÅŸta Ä°hlas Haber AjansÄ± oâ€¦,[[0.46964119 0.53035881]]
@OfficialArman @izmirgibiyiz Aynen,[[0.46964119 0.53035881]]
YollarÄ±m yollarÄ±na baÄŸlansa kaf daÄŸlarÄ±nÄ± aÅŸardÄ±m.,[[0.46964119 0.53035881]]
RT @aysena_ay_ay: O kedi konuÅŸtu :)))  https://t.co/XLVS0JulOS,[[0.40711539 0.59288461]]
RT @aliaktas7: PTT'yi de batÄ±rmayÄ± baÅŸardÄ±lar. VarlÄ±k Fonu'na devredilmesinin ardÄ±ndan PTT,[[0.4883949 0.5116051]]
@tayfgibiler Error,[[0.46964119 0.53035881]]
@Marcelinexdd BÃ¼kÃ¼lmÃ¼ÅŸÃ¼z diyelim,[[0.46964119 0.53035881]]
@ArsivUnutmaz Trilyonluk iÅŸler ihaleler versinler ama taÅŸ Ã§atlasÄ±n 5 bine bir masa sandalye alamasÄ±n istese maaÅŸÄ±ndan alÄ±r bu kadar yapmacÄ±k olmayÄ±n insanlar o kadar enayi deÄŸil artÄ±k.,[[0.46964119 0.53035881]]
RT @Pasha4407: @sedat_peker  https://t.co/rSfhpGHLnG,[[0.40711539 0.59288461]]
RT @istanbulbld: Ä°stanbul'u turlayan kÃ¶pek BOJÄ°'nin bakÄ±mÄ±nÄ± yaptÄ±k,[[0.41002256 0.58997744]]
RT @UrfaFurkanDer: YargÄ±sÄ±zÄ°nfaza Son,[[0.38987615 0.61012385]]
@ethembulbul_ Nokta,[[0.46964119 0.53035881]]
@kadiraslan3211 Allah razÄ± olsun :D,[[0.46964119 0.53035881]]
@Silayksel4 ğŸ˜…ğŸ˜…,[[0.46964119 0.53035881]]
hayatsÄ±z bir insan oluÅŸum beni Ã¶ÄŸlen 1de uyuyup gece 1de uyanan bir zombiye dÃ¶nÃ¼ÅŸtÃ¼rdÃ¼,[[0.46964119 0.53035881]]
RT @pratik__bilim: Bir restoranda masada sÃ¼rahide su varsa; korkmayÄ±n 15 liraya karnÄ±nÄ±z doyar. Pet ÅŸiÅŸede su varsa; 30 lirayÄ± gÃ¶zden Ã§Ä±karâ€¦,[[0.43949763 0.56050237]]
SÄ±kÄ±ldÄ±mmm anlÄ±kk,[[0.46964119 0.53035881]]
RT @furkanvakfiTT: KIYMETLÄ° KARDEÅLERÄ°MÄ°Z GÃœNDEM Ã‡ALIÅMAMIZ BAÅLADI â€¼ï¸  ETÄ°KETÄ°MÄ°Z;  EmniyetteÄ°ÅŸkenceyi Lanetliyoruz #AdaletBekleyiÅŸi,[[0.46964119 0.53035881]]
@atarl_cavidan61 Sakinn caviÅŸ ğŸ˜„,[[0.46964119 0.53035881]]
@atebenn Bitlis tÃ¼tÃ¼nÃ¼mÃ¼dÃ¼r nedir ğŸ˜Š,[[0.46964119 0.53035881]]
â¿áµ‰áµˆáµ‰â¿?      â¿áµ‰áµˆáµ‰â¿?       â¿áµ‰áµˆáµ‰â¿?     â¿áµ‰áµˆáµ‰â¿?         â¿áµ‰áµˆáµ‰â¿?       â¿áµ‰áµˆáµ‰â¿?    â¿áµ‰áµˆáµ‰â¿?   PARAM NEDEN Ã‡ABUK BÄ°TÄ°YOR?   â¿áµ‰áµˆáµ‰â¿?       â¿áµ‰áµˆáµ‰â¿?      â¿áµ‰áµˆáµ‰â¿?      â¿áµ‰áµˆáµ‰â¿?               â¿áµ‰áµˆáµ‰â¿?      â¿áµ‰áµˆáµ‰â¿?       â¿áµ‰áµˆáµ‰â¿?,[[0.46964119 0.53035881]]
@no5inGminor @angelifca nil karaibrahimgil sÃ¶yleÅŸimden alÄ±ntÄ±,[[0.46964119 0.53035881]]
@Micklerius ben direkt sizi Ã§ok beÄŸeniyorum Melike hanÄ±m,[[0.28852765 0.71147235]]
RT @furkanvakfi: YandaÅŸ ve tetikÃ§i medyanÄ±n,[[0.46964119 0.53035881]]
RT @AhmedCelikten: Hala kayÄ±p olduÄŸu iddia edilen Koray SarÄ±saÃ§lÄ±'dan aÃ§Ä±klama:  â€œFurkan GÃ¶nÃ¼llÃ¼leri ile hiÃ§bir husumetim yok,[[0.46964119 0.53035881]]
@therolexs GÃ¼ldÃ¼rme beni yakÄ±nÄ±mda herkes bilir bjknin ÅŸampiyon olacaÄŸÄ±nÄ± kaÃ§ haftadÄ±r diyorum ama bu korkuda size yeter adÄ±mÄ±z bile geÃ§miyordu ğŸ˜‰,[[0.46964119 0.53035881]]
